,Title,ArtistAlphaSort,Object End Date,Object Number,AccessionYear,lastTransfer
0,Flora and Zephyr,"Amigoni, Jacopo",1739,1985.5,1985.0,Purchase
1,The Crucifixion,Andrea di Bartolo,1428,12.6,1912.0,Purchase
2,"Jérôme Bonaparte (1784–1860), King of Westphalia","Andreoli, Giacomo",1813,42.53.2,1942.0,Gift
3,Saint Alexander,"Angelico, Fra (Guido di Pietro)",1430,1991.27.2,1991.0,Bequest
4,The Crucifixion,"Angelico, Fra (Guido di Pietro)",1445,14.40.628,1914.0,Bequest
5,The Nativity,"Strozzi, Zanobi",1434,1983.490,1983.0,Gift
6,The Nativity,"Strozzi, Zanobi",1455,24.22,1924.0,Purchase
7,Christ Crowned with Thorns,Antonello da Messina (Antonello di Giovanni d'Antonio),1479,32.100.82,1932.0,Collection
8,Portrait of a Young Man,Antonello da Messina (Antonello di Giovanni d'Antonio),1475,14.40.645,1914.0,Bequest
9,Madonna and Child,Antoniazzo Romano (Antonio di Benedetto Aquilio),1512,41.190.9,1941.0,Bequest
10,The Nativity,Antoniazzo Romano (Antonio di Benedetto Aquilio),1489,06.1214,1906.0,Purchase
11,Eve with Cain and Abel,Bachiacca (Francesco d'Ubertino Verdi),1529,38.178,1938.0,Purchase
12,Leda and the Swan,Bachiacca (Francesco d'Ubertino Verdi),1557,1982.60.11,1982.0,Collection
13,Madonna and Child,Bachiacca (Francesco d'Ubertino Verdi),1523,1982.60.10,1982.0,Collection
14,Madonna and Child,"Banci, Ercole",1529,32.100.94,1932.0,Collection
15,Madonna and Child with Saints Philip and Agnes,"Bardi, Donato de'",1430,37.163.1–3,1937.0,Gift
16,Scenes from the Life of Christ,"Baronzio, Giovanni",1346,09.103,1909.0,Purchase
17,Madonna and Child with the Young Saint John the Baptist,"Bartolomeo, Fra (Bartolomeo di Paolo del Fattorino)",1502,06.171,1906.0,Purchase
18,Portrait of a Man,"Bartolomeo, Fra (Bartolomeo di Paolo del Fattorino)",1517,1982.60.8,1982.0,Collection
19,Saint Dominic Resuscitating Napoleone Orsini,Bartolomeo degli Erri,1474,22.60.59,1922.0,Bequest
20,Saint Thomas Aquinas Aided by Saints Peter and Paul,Bartolomeo degli Erri,1479,23.140,1923.0,Purchase
21,The Trinity,Bartolomeo di Giovanni,1501,1989.132,1989.0,Gift
22,The Betrayal of Christ,Bartolomeo di Tommaso,1450,58.87.1,1958.0,Purchase
23,The Lamentation and the Entombment,Bartolomeo di Tommaso,1450,58.87.2,1958.0,Purchase
24,Diana and Cupid,"Batoni, Pompeo",1761,1982.438,1982.0,Purchase
25,Portrait of a Young Man,"Batoni, Pompeo",1765,03.37.1,1903.0,Purchase
26,Madonna Adoring the Sleeping Child,"Bellini, Giovanni",1463,30.95.256,1930.0,Collection
27,Madonna and Child,"Bellini, Giovanni",1489,08.183.1,1908.0,Purchase
28,Madonna and Child with Saints,"Bellini, Giovanni",1516,49.7.1,1949.0,Collection
29,The Circumcision,"Bellini, Giovanni",1511,17.190.9,1917.0,Gift
30,Madonna and Child,"Bellini, Giovanni",1515,49.7.2,1949.0,Collection
31,Madonna and Child,"Bellini, Jacopo",1449,59.187,1959.0,Gift
32,Pirna: The Obertor from the South,"Bellotto, Bernardo",1757,1991.306,1991.0,Purchase
33,Vaprio d'Adda,"Bellotto, Bernardo",1744,39.142,1939.0,Purchase
34,The Assumption of the Virgin,Bergognone (Ambrogio di Stefano da Fossano),1523,27.39.1,1927.0,Purchase
35,"The Twelve Apostles: Saints Bartholomew, Andrew, Matthew, James the Greater, Thaddeus, Philip, James the Lesser, Simon, Peter, Paul, Thomas, and John",Bergognone (Ambrogio di Stefano da Fossano),1522,27.39.2–13,1927.0,Purchase
36,Madonna and Child,Berlinghiero,1239,60.173,1960.0,Gift
37,Madonna and Child with Angels,Bernardino da Genoa,1515,41.100.13,1941.0,Gift
38,Portrait of a Young Man,Biagio d'Antonio,1504,32.100.68,1932.0,Collection
39,Scenes from the Story of the Argonauts,Biagio d'Antonio,1504,09.136.1,1909.0,Gift
40,The Story of Joseph,Biagio d'Antonio,1504,32.100.69,1932.0,Collection
41,Saint Nicholas Providing Dowries,Bicci di Lorenzo,1435,88.3.89,1888.0,Gift
42,Saint Nicholas Resuscitating Three Youths,Bicci di Lorenzo,1435,16.121,1916.0,Gift
43,Madonna and Child,"Boccaccino, Boccaccio",1518,30.95.289,1930.0,Collection
44,Gossip,"Boldini, Giovanni",1873,87.15.81,1887.0,Collection
45,"Mrs. Charles Warren-Cram (Ella Brooks Carter, 1846–1896)","Boldini, Giovanni",1885,59.78,1959.0,Gift
46,"Consuelo Vanderbilt (1876–1964), Duchess of Marlborough, and Her Son, Lord Ivor Spencer-Churchill (1898–1956)","Boldini, Giovanni",1906,47.71,1947.0,Gift
47,The Dispatch-Bearer,"Boldini, Giovanni",1931,08.136.12,1908.0,Bequest
48,The Legend of the Infant Servius Tullius,Bonifacio de' Pitati (Bonifacio Veronese),1553,32.100.78,1932.0,Collection
49,Madonna and Child with Saints,Bonifacio de' Pitati (Bonifacio Veronese),1553,1995.536,1995.0,Gift
50,Portrait of a Man in Armor with Two Pages,"Bordon, Paris",1571,1973.311.1,1973.0,Gift
51,Count Alexander Ivanovich Sollogoub (1788–1844),"Bossi, Domenico",1810,1972.145.7,1972.0,Gift
52,The Departure of Saints Paula and Eustochium for the Holy Land,"Bottani, Giuseppe",1785,1991.445,1991.0,Gift
53,The Last Communion of Saint Jerome,Botticelli (Alessandro di Mariano Filipepi),1493,14.40.642,1914.0,Bequest
54,Three Miracles of Saint Zenobius,Botticelli (Alessandro di Mariano Filipepi),1505,11.98,1911.0,Purchase
55,Madonna and Child with Two Angels,Botticelli,1510,29.100.17,1929.0,Collection
56,The Coronation of the Virgin,Botticelli,1499,49.7.4,1949.0,Collection
57,Madonna and Child Enthroned with Saints and Angels,"Botticini, Francesco (Francesco di Giovanni)",1495,61.235,1961.0,Gift
58,Saint Sebastian,"Botticini, Francesco (Francesco di Giovanni)",1497,48.78,1948.0,Purchase
59,Madonna and Child,Bramantino (Bartolomeo Suardi),1507,12.178.2,1912.0,Purchase
60,Portrait of a Young Man,Bronzino (Agnolo di Cosimo di Mariano),1539,29.100.16,1929.0,Collection
61,Cosimo I de' Medici (1519–1574),Bronzino,1572,08.262,1908.0,Purchase
62,Adam; Eve,"Bugiardini, Giuliano di Piero di Simone",1554,1971.115.3ab,1971.0,Bequest
63,Madonna and Child Enthroned with Saints Mary Magdalen and John the Baptist,"Bugiardini, Giuliano di Piero di Simone",1528,30.83,1930.0,Purchase
64,Herodias,"Cairo, Francesco",1635,1973.165,1973.0,Gift
65,Portrait of a Woman,"Campi, Bernardino",1569,63.43.1,1963.0,Gift
66,Piazza San Marco,Canaletto (Giovanni Antonio Canal),1729,1988.162,1988.0,Purchase
67,The Musicians,Caravaggio (Michelangelo Merisi),1597,52.81,1952.0,Purchase
68,Portrait of a Woman,"Carbonara, F.",1829,32.75.7,1932.0,Collection
69,The Glorification of Saint Anthony Abbot,"Carloni, Carlo Innocenzo",1775,07.225.295,1907.0,Gift
70,The Birth of the Virgin,"Carnevale, Fra (Bartolomeo di Giovanni Corradini)",1467,35.121,1935.0,Purchase
71,The Meditation on the Passion,"Carpaccio, Vittore",1495,11.118,1911.0,Purchase
72,Two Children Teasing a Cat,"Carracci, Annibale",1588,1994.142,1994.0,Purchase
73,The Coronation of the Virgin,"Carracci, Annibale",1609,1971.155,1971.0,Purchase
74,Portrait of a Man,"Carriera, Rosalba",1715,49.122.2,1949.0,Purchase
75,Cavalier and Shepherd,"Casanova, Francesco",1802,07.225.253,1907.0,Gift
76,The Adoration of the Shepherds,Catena (Vincenzo di Biagio),1531,69.123,1969.0,Purchase
77,Portrait of a Venetian Senator,Catena (Vincenzo di Biagio),1530,30.95.258,1930.0,Collection
78,Saint Catherine of Alexandria,"Cavallino, Bernardo",1654,43.23,1943.0,Purchase
79,Saint Catherine Disputing and Two Donors,Cenni di Francesco di Ser Cenni,1385,1982.35.1,1982.0,Bequest
80,A Woman with a Dog,"Ceruti, Giacomo",1749,30.15,1930.0,Purchase
81,Bathsheba at Her Bath,"Chiari, Giuseppe Bartolomeo",1705,1993.401,1993.0,Gift
82,The Adoration of the Shepherds with Saint Catherine of Alexandria,Cigoli (Ludovico Cardi),1599,1991.7,1991.0,Purchase
83,Madonna and Child with Saints Francis and Clare,Cima da Conegliano (Giovanni Battista Cima),1515,41.190.11,1941.0,Bequest
84,"Three Saints: Roch, Anthony Abbot, and Lucy",Cima da Conegliano (Giovanni Battista Cima),1518,07.149,1907.0,Purchase
85,Madonna and Child,"Conti, Bernardino dei",1522,1982.60.7,1982.0,Collection
86,"Saints Peter, Martha, Mary Magdalen, and Leonard",Correggio (Antonio Allegri),1520,12.211,1912.0,Purchase
87,The Legend of Cloelia,"Cozzarelli, Guidoccio di Giovanni",1485,11.126.2,1911.0,Purchase
88,Saint Lucy and Her Mother at the Shrine of Saint Agatha; Saint Lucy Giving Alms; Saint Lucy before Paschasius; Saint Lucy Resisting Efforts to Move Her,"Cristiani, Giovanni di Bartolommeo",1398,12.41.1–4,1912.0,Purchase
89,Madonna and Child Enthroned,"Crivelli, Carlo",1472,1982.60.5,1982.0,Collection
90,Madonna and Child,"Crivelli, Carlo",1485,49.7.5,1949.0,Collection
91,Pietà,"Crivelli, Carlo",1476,13.178,1913.0,Purchase
92,Saint Dominic,"Crivelli, Carlo",1472,05.41.1,1905.0,Purchase
93,Madonna and Child Enthroned with Two Angels and a Donor,"Crivelli, Vittore",1481,41.100.32,1941.0,Gift
94,Madonna and Child with Two Angels,"Crivelli, Vittore",1482,1982.60.6,1982.0,Collection
95,Christ Enthroned with Saints,"Daddi, Bernardo",1330,1974.217,1974.0,Bequest
96,Saint Reparata before the Emperor Decius,"Daddi, Bernardo",1343,43.98.3,1943.0,Collection
97,Saint Reparata Being Prepared for Execution,"Daddi, Bernardo",1348,43.98.4,1943.0,Collection
98,Saint Reparata Tortured with Red-Hot Irons,"Daddi, Bernardo",1348,41.190.15,1941.0,Bequest
99,The Crucifixion,"Daddi, Bernardo",1348,41.190.12,1941.0,Bequest
100,Madonna and Child Enthroned with Saints,"Daddi, Bernardo",1348,32.100.70,1932.0,Collection
101,Madonna and Child Enthroned with Saints,"Daddi, Bernardo",1348,41.100.15,1941.0,Gift
102,Charity,"Dandini, Cesare",1635,69.283,1969.0,Gift
103,Dawn,"Diziani, Gaspare",1767,06.1335.1b,1906.0,Purchase
104,Landscape with Moses and the Burning Bush,Domenichino (Domenico Zampieri),1616,1976.155.2,1976.0,Gift
105,The Three Ages of Humans,"Dossi, Dosso (Giovanni de Lutero)",1542,26.83,1926.0,Purchase
106,"The Coronation of the Virgin, and Saints","Fei, Giovanni di Tano",1394,50.229.2,1950.0,Gift
107,Saints John the Evangelist and Lawrence,"Ferrari, Defendente",1531,15.56,1915.0,Purchase
108,The Parable of the Mote and the Beam,"Fetti, Domenico",1624,1991.153,1991.0,Purchase
109,The Good Samaritan,"Fetti, Domenico",1622,30.31,1930.0,Purchase
110,Portrait of a Prelate,"Fontana, Lavinia",1585,62.122.141,1962.0,Bequest
111,Madonna and Child,"Foppa, Vincenzo",1485,30.95.293,1930.0,Collection
112,Goddess of Chaste Love,Francesco di Giorgio Martini,1475,20.182,1920.0,Purchase
113,The Nativity,Francesco di Giorgio Martini,1501,41.100.2,1941.0,Gift
114,Saint Roch,"Francia, Francesco",1502,65.220.1,1965.0,Gift
115,Federico Gonzaga (1500–1540),"Francia, Francesco",1510,14.40.638,1914.0,Bequest
116,Madonna and Child,"Francia, Francesco",1499,1982.448,1982.0,Gift
117,Madonna and Child with Saints Francis and Jerome,"Francia, Francesco",1510,41.100.3,1941.0,Gift
118,The Nativity,"Fungai, Bernardino",1516,26.109,1926.0,Purchase
119,The Trinity,"Gaddi, Agnolo",1390,41.100.33,1941.0,Gift
120,Saint Margaret and the Dragon,"Gaddi, Agnolo",1395,41.190.23,1941.0,Bequest
121,Madonna and Child Enthroned with Saints,"Gaddi, Taddeo",1345,10.97,1910.0,Purchase
122,Saint Nicholas of Tolentino Reviving the Birds,Garofalo (Benvenuto Tisi da Garofalo),1535,17.190.23,1917.0,Gift
123,Saint Nicholas of Tolentino Reviving a Child,Garofalo (Benvenuto Tisi da Garofalo),1535,17.190.24,1917.0,Gift
124,The Translation of the Holy House of Loreto,"Gatti, Saturnino",1495,1973.319,1973.0,Purchase
125,Madonna and Child with Angels,Gentile da Fabriano (Gentile di Niccolò di Giovanni di Massio),1427,30.95.262,1930.0,Collection
126,Esther before Ahasuerus,"Gentileschi, Artemisia",1653,69.281,1969.0,Gift
127,An Episode from the Life of Saint Giovanni Gualberto,"Gerini, Niccolò di Pietro",1415,58.135,1958.0,Purchase
128,Portrait of a Man in Profile,Italian Painter,1530,32.100.99,1932.0,Collection
129,The Burial of Saint Zenobius,"Ghirlandaio, Davide (David Bigordi)",1484,13.119.2,1913.0,Purchase
130,The Marriage of the Virgin,"Ghirlandaio, Davide (David Bigordi)",1484,13.119.1,1913.0,Purchase
131,Tobias and the Angel,"Ghirlandaio, Davide (David Bigordi)",1484,13.119.3,1913.0,Purchase
132,Francesco Sassetti (1421–1490) and His Son Teodoro,"Ghirlandaio, Domenico (Domenico Bigordi)",1493,49.7.7,1949.0,Collection
133,Portrait of a Man,"Ghirlandaio, Domenico (Domenico Bigordi)",1494,32.100.67,1932.0,Collection
134,Selvaggia Sassetti (born 1470),"Ghirlandaio, Davide (David Bigordi)",1488,32.100.71,1932.0,Collection
135,Saint Christopher and the Infant Christ,"Ghirlandaio, Domenico (Domenico Bigordi)",1494,80.3.674,1880.0,Gift
136,Madonna and Child with Angels,"Ghirlandaio, Domenico",1494,14.40.635,1914.0,Bequest
137,The Nativity with Saints,"Ghirlandaio, Ridolfo",1561,32.100.80,1932.0,Collection
138,Saint John the Evangelist Raises Satheus to Life,"Ghissi, Francescuccio (Francesco di Cecco Ghissi)",1374,69.280.1,1969.0,Gift
139,Saint John the Evangelist with Acteus and Eugenius,"Ghissi, Francescuccio (Francesco di Cecco Ghissi)",1374,69.280.2,1969.0,Gift
140,Saint John the Evangelist Causes a Pagan Temple to Collapse,"Ghissi, Francescuccio (Francesco di Cecco Ghissi)",1374,69.280.3,1969.0,Gift
141,The Man of Sorrows,"Giambono, Michele (Michele Giovanni Bono)",1435,06.180,1906.0,Purchase
142,Diana the Huntress,Giampietrino (Giovanni Pietro Rizzoli),1549,1989.21,1989.0,Purchase
143,Francesca Ghirardi Lechi (1773–1806),"Gigola, Giovanni Battista",1841,26.168.33,1926.0,Bequest
144,The Annunciation,"Giordano, Luca",1672,1973.311.2,1973.0,Gift
145,The Flight into Egypt,"Giordano, Luca",1705,61.50,1961.0,Gift
146,The Adoration of the Magi,Giotto di Bondone,1325,11.126.1,1911.0,Purchase
147,Madonna and Child with Donors,Giovanni da Milano,1370,07.200,1907.0,Purchase
148,Madonna and Child with Saints,Giovanni di Paolo (Giovanni di Paolo di Grazia),1454,32.100.76,1932.0,Collection
149,The Adoration of the Magi,Giovanni di Paolo (Giovanni di Paolo di Grazia),1465,1982.60.4,1982.0,Collection
150,Madonna and Child with Two Angels and a Donor,Giovanni di Paolo (Giovanni di Paolo di Grazia),1450,41.190.16,1941.0,Bequest
151,The Miraculous Communion of Saint Catherine of Siena,Giovanni di Paolo (Giovanni di Paolo di Grazia),1482,32.100.95,1932.0,Collection
152,Paradise,Giovanni di Paolo (Giovanni di Paolo di Grazia),1445,06.1046,1906.0,Purchase
153,The Presentation of Christ in the Temple,Giovanni di Paolo (Giovanni di Paolo di Grazia),1440,41.100.4,1941.0,Gift
154,"Saints Catherine of Alexandria, Barbara, Agatha, and Margaret",Giovanni di Paolo (Giovanni di Paolo di Grazia),1475,32.100.83a–d,1932.0,Collection
155,Saints Matthew and Francis,Giovanni di Paolo (Giovanni di Paolo di Grazia),1440,88.3.111,1888.0,Gift
156,The Triumph of Fame; (reverse) Impresa of the Medici Family and Arms of the Medici and Tornabuoni Families,Giovanni di ser Giovanni Guidi (called Scheggia),1454,1995.7,1995.0,Purchase
157,Descent from the Cross,Girolamo da Cremona,1483,49.7.8,1949.0,Collection
158,Madonna and Child with Saints,Girolamo dai Libri,1525,20.92,1920.0,Purchase
159,Madonna and Child with the Annunciation and the Nativity,Goodhart Ducciesque Master,1330,20.160,1920.0,Purchase
160,"Saints Nicholas of Tolentino, Roch, Sebastian, and Bernardino of Siena, with Kneeling Donors","Gozzoli, Benozzo (Benozzo di Lese di Sandro)",1481,1976.100.14,1976.0,Bequest
161,The Conversion of Saint Paul,"Gozzoli, Benozzo (Benozzo di Lese di Sandro)",1497,15.106.2,1915.0,Purchase
162,Saint Peter and Simon Magus,"Gozzoli, Benozzo (Benozzo di Lese di Sandro)",1497,15.106.1,1915.0,Purchase
163,Saint Zenobius Resuscitating a Dead Child,"Gozzoli, Benozzo (Benozzo di Lese di Sandro)",1497,15.106.3,1915.0,Purchase
164,Totila before Saint Benedict,"Gozzoli, Benozzo (Benozzo di Lese di Sandro)",1497,15.106.4,1915.0,Purchase
165,Scenes from the Life of Saint John the Baptist,"Granacci, Francesco (Francesco di Andrea di Marco)",1507,1970.134.1,1970.0,Purchase
166,Saint John the Baptist Bearing Witness,"Granacci, Francesco",1507,1970.134.2,1970.0,Purchase
167,Fantastic Landscape,"Guardi, Francesco",1770,41.80,1941.0,Purchase
168,Fantastic Landscape,"Guardi, Francesco",1770,53.225.3,1953.0,Gift
169,Fantastic Landscape,"Guardi, Francesco",1770,53.225.4,1953.0,Gift
170,Venice from the Bacino di San Marco,"Guardi, Francesco",1780,65.181.8,1965.0,Bequest
171,Piazza San Marco,"Guardi, Francesco",1769,50.145.21,1950.0,Bequest
172,Santa Maria della Salute,"Guardi, Francesco",1769,71.120,1871.0,Purchase
173,The Grand Canal above the Rialto,"Guardi, Francesco",1769,71.119,1871.0,Purchase
174,Venice: The Dogana and Santa Maria della Salute,"Guardi, Francesco",1793,1982.60.14,1982.0,Collection
175,Venice: The Rialto,"Guardi, Francesco",1793,1982.60.15,1982.0,Collection
176,Madonna and Child,Guariento di Arpo,1370,88.3.86,1888.0,Gift
177,Samson Captured by the Philistines,Guercino (Giovanni Francesco Barbieri),1619,1984.459.2,1984.0,Gift
178,The Vocation of Saint Aloysius (Luigi) Gonzaga,Guercino (Giovanni Francesco Barbieri),1655,1973.311.3,1973.0,Gift
179,An Allegory,"Guidobono, Domenico",1720,1970.261,1970.0,Purchase
180,Scenes from the Life of King Nebuchadnezzar,Nicola di Maestro Antonio d'Ancona,1511,08.133,1908.0,Gift
181,The Labors of Hercules,Italian (Florentine or Sienese) Painter,1449,1971.115.4,1971.0,Bequest
182,Madonna and Child Enthroned,Italian (Florentine) Painter,1299,69.280.4,1969.0,Gift
183,Madonna and Child Enthroned,Master of the Magdalen,1299,41.100.21,1941.0,Gift
184,Madonna and Child Enthroned with Saint John the Baptist and Another Saint,Italian (Florentine) Painter,1449,06.1048,1906.0,Gift
185,Madonna and Child with Angels,Italian (Florentine) Painter,1474,64.288,1964.0,Gift
186,Madonna and Child with the Young Saint John the Baptist,Italian (Florentine) Painter,1569,53.45.1,1953.0,Bequest
187,Portrait of a Man in a Fur-Trimmed Coat,Italian (Lombard) Painter,1545,91.26.2,1891.0,Collection
188,Twelve Heads,Italian (Lombard) Painter,1524,05.2.1–12,1905.0,Purchase
189,The Annunciation,Italian (Marchigian?) Painter,1449,32.100.96,1932.0,Collection
190,Two Angels,North Italian Painter,1324,1971.115.1ab,1971.0,Bequest
191,Portrait of a Man,North Italian Painter,1597,32.100.88,1932.0,Collection
192,Portrait of a Man,North Italian Painter,1599,32.100.101,1932.0,Collection
193,Madonna and Child with Saints Michael and John the Baptist; The Noli Me Tangere; The Conversion of Saint Paul,Italian (Pisan) Painter,1349,1982.60.2,1982.0,Collection
194,Book Cover,Italian (Sienese) Painter,1343,10.203.3,1910.0,Purchase
195,Madonna and Child with Saints Jerome and Francis,Italian (Umbrian) Painter,1505,32.100.74,1932.0,Collection
196,"The Theological Virtues: Faith, Charity, Hope",Italian (Umbrian) Painter,1505,1982.177.1–3,1982.0,Purchase
197,Madonna and Child,Italian (Venetian) Painter,1449,32.100.93,1932.0,Collection
198,A Patrician Couple,Italian (Venetian) Painter,1735,68.156,1968.0,Purchase
199,The Life of Christ,"Zavattari, Franceschino",1449,09.104,1909.0,Purchase
200,Portrait of a Young Man,Jacometto (Jacometto Veneziano),1489,49.7.3,1949.0,Collection
201,Holy Family,Jacopino del Conte,1598,1976.100.15,1976.0,Bequest
202,Michelangelo Buonarroti (1475–1564),"Volterra,  Daniele da",1550,1977.384.1,1977.0,Gift
203,Capriccio with St. Paul's and Old London Bridge,"Joli, Antonio",1777,1970.212.2,1970.0,Bequest
204,The Chess Players,Liberale da Verona,1480,43.98.8,1943.0,Collection
205,Scene from a Novella,Liberale da Verona,1476,1986.147,1986.0,Purchase
206,Allegory of Avarice,"Ligozzi, Jacopo",1626,1991.443,1991.0,Gift
207,Tobit Burying the Dead,"Lione, Andrea di",1649,1989.225,1989.0,Purchase
208,Madonna and Child,"Lippi, Filippino",1484,49.7.10,1949.0,Collection
209,The Descent from the Cross,"Lippi, Filippino",1504,12.168,1912.0,Purchase
210,The Virgin of the Nativity,"Lippi, Filippino",1505,1982.73,1982.0,Gift
211,Madonna and Child Enthroned with Two Angels,"Lippi, Fra Filippo",1445,49.7.9,1949.0,Collection
212,Portrait of a Woman with a Man at a Casement,"Lippi, Fra Filippo",1445,89.15.19,1889.0,Collection
213,Saint Lawrence Enthroned with Saints and Donors,"Lippi, Fra Filippo",1449,35.31.1a–c,1935.0,Purchase
214,"Saints Augustine and Francis, a Bishop Saint, and Saint Benedict","Lippi, Fra Filippo",1469,17.89,1917.0,Purchase
215,The Annunciation,"Lippi, Fra Filippo",1469,43.98.2,1943.0,Collection
216,Madonna and Child,Lippo di Benivieni,1327,63.203,1963.0,Gift
217,The Gathering of Manna,"Lomi, Aurelio",1622,80.3.245a,1880.0,Gift
218,The Visit,"Longhi, Pietro (Pietro Falca)",1746,14.32.2,1914.0,Purchase
219,The Letter,"Longhi, Pietro (Pietro Falca)",1746,14.32.1,1914.0,Purchase
220,The Meeting,"Longhi, Pietro (Pietro Falca)",1746,36.16,1936.0,Gift
221,The Temptation,"Longhi, Pietro (Pietro Falca)",1746,17.190.12,1917.0,Gift
222,Madonna and Child,"Lorenzetti, Ambrogio",1347,41.190.26,1941.0,Bequest
223,Saint Catherine of Alexandria,"Lorenzetti, Pietro",1344,13.212,1913.0,Purchase
224,Madonna Adoring the Child with the Infant Saint John the Baptist and an Angel,Lorenzo di Credi (Lorenzo d'Andrea d'Oderigo),1490,09.197,1909.0,Purchase
225,Portrait of a Young Woman,Lorenzo di Credi (Lorenzo d'Andrea d'Oderigo),1500,43.86.5,1943.0,Bequest
226,Abraham,Lorenzo Monaco (Piero di Giovanni),1410,65.14.1,1965.0,Purchase
227,David,Lorenzo Monaco (Piero di Giovanni),1410,65.14.4,1965.0,Purchase
228,Moses,Lorenzo Monaco (Piero di Giovanni),1410,65.14.3,1965.0,Purchase
229,Noah,Lorenzo Monaco (Piero di Giovanni),1410,65.14.2,1965.0,Purchase
230,Brother Gregorio Belo of Vicenza,"Lotto, Lorenzo",1547,65.117,1965.0,Purchase
231,Venus and Cupid,"Lotto, Lorenzo",1529,1986.138,1986.0,Purchase
232,Madonna and Child,Luca di Tommè di Nuto,1365,41.100.34,1941.0,Gift
233,The Crucifixion,Luca di Tommè di Nuto,1925,25.79,1925.0,Purchase
234,The Tame Magpie,"Magnasco, Alessandro",1708,1984.191,1984.0,Purchase
235,Nuns at Work,"Magnasco, Alessandro",1749,1982.60.13,1982.0,Collection
236,David at the Cave of Adullam,"Maldura, Giovanni",1849,21.184,1921.0,Purchase
237,A Circus Boy,"Mancini, Antonio",1872,92.1.62,1892.0,Bequest
238,The Adoration of the Shepherds,"Mantegna, Andrea",1459,32.130.2,1932.0,Purchase
239,The Holy Family with Saint Mary Magdalen,"Mantegna, Andrea",1500,14.40.643,1914.0,Bequest
240,Madonna and Child with Seraphim and Cherubim,"Mantegna, Andrea",1459,32.100.97,1932.0,Collection
241,Rodolfo Gonzaga (1451–1495),"Mantegna, Andrea",1495,49.7.11,1949.0,Collection
242,The Story of Esther,Marco del Buono Giamberti|Apollonio di Giovanni di Tomaso,1489,18.117.2,1918.0,Purchase
243,Napoléon I (1769–1821) on Horseback,"Marta, Luigi",1830,1992.104,1992.0,Gift
244,Saint Anthony Abbot (with Saint John the Baptist),Martino di Bartolommeo di Biagio,1435,30.95.265,1930.0,Collection
245,Saint James the Greater (with the Virgin of the Annunciation),Martino di Bartolommeo di Biagio,1435,30.95.264,1930.0,Collection
246,Saint Julian the Hospitaler (with Saint Nicholas of Bari),Martino di Bartolommeo di Biagio,1435,30.95.266,1930.0,Collection
247,Saint Stephen (with the Angel of the Annunciation),Martino di Bartolommeo di Biagio,1435,30.95.263,1930.0,Collection
248,Saint Anthony of Padua,Maso di Banco,1345,43.98.13,1943.0,Collection
249,Ameto's Discovery of the Nymphs,Master of 1416,1415,26.287.2,1926.0,Purchase
250,A Contest between the Shepherds Alcesto and Acaten,Master of 1416,1415,26.287.1,1926.0,Purchase
251,The Sense of Sight,Master of the Annunciation to the Shepherds,1649,1982.60.12,1982.0,Collection
252,Scenes from the Story of the Argonauts,"Arcangelo, Jacopo di",1470,09.136.2,1909.0,Gift
253,Portrait of a Woman,Master of the Castello Nativity,1459,49.7.6,1949.0,Collection
254,The Conquest of Naples by Charles of Durazzo,Master of Charles of Durazzo,1382,07.120.1,1907.0,Purchase
255,Scenes from a Legend; Coats of Arms,Master of Charles of Durazzo,1429,32.75.2a–c,1932.0,Collection
256,The Birth of Cupid,Master of Flora,1599,41.48,1941.0,Purchase
257,The Crucifixion,"Angelico, Fra (Guido di Pietro)",1423,43.98.5,1943.0,Collection
258,Madonna and Child,Master of the Lanckoronski Annunciation,1449,30.95.254,1930.0,Collection
259,King Solomon and the Queen of Sheba,Master of Lecceto,1474,14.44,1914.0,Purchase
260,"Madonna and Child with the Donor, Pietro de' Lardi, Presented by Saint Nicholas",Master G.Z.,1430,65.181.5,1965.0,Bequest
261,Madonna and Child,Master of the Magdalen,1285,64.189.1,1964.0,Gift
262,Madonna and Child Enthroned,Master of the Magdalen,1295,41.100.8,1941.0,Gift
263,Saints and Scenes from the Life of the Virgin,Master of Monte Oliveto,1325,41.190.31bc,1941.0,Bequest
264,Madonna and Child Enthroned,Master of Monte Oliveto,1335,18.117.1a–c,1918.0,Purchase
265,Crucifix,Master of the Orcagnesque Misericordia,1375,27.231ab,1927.0,Gift
266,Head of Christ,Master of the Orcagnesque Misericordia,1399,1981.365.2,1981.0,Gift
267,Madonna and Child Enthroned with Angels,Master of Varlungo,1299,49.39,1949.0,Gift
268,Madonna and Child with the Infant Saint John the Baptist and Angels,Master called Pseudo-Pier Francesco Fiorentino,1500,32.100.79,1932.0,Collection
269,Madonna and Child Enthroned with Saints James Minor and Lucy,Marco di Paolo Veneziano,1390,32.100.87,1932.0,Collection
270,Madonna and Child with Saints Jerome and Mary Magdalen,Matteo di Giovanni di Bartolo,1495,65.234,1965.0,Gift
271,Madonna and Child with Saints and Angels,"Memmi, Lippo (Filippo di Memmo)",1355,43.98.6,1943.0,Collection
272,Saint Clare,"Memmi, Lippo (Filippo di Memmo)",1335,64.189.2,1964.0,Gift
273,Saint Paul,"Memmi, Lippo (Filippo di Memmo)",1335,88.3.99,1888.0,Gift
274,Madonna and Child with the Infant Saint John the Baptist,Michele da Verona (Michele di Zenone),1499,27.41,1927.0,Gift
275,The Marriage of the Virgin,Michelino da Besozzo (Michelino de Mulinari),1435,43.98.7,1943.0,Collection
276,The Rest on the Flight into Egypt,"Mola, Pier Francesco",1666,1993.20,1993.0,Purchase
277,Madonna Adoring the Child,"Montagna, Bartolomeo (Bartolomeo Cincani)",1523,09.102,1909.0,Purchase
278,Saint Justina of Padua,"Montagna, Bartolomeo (Bartolomeo Cincani)",1499,14.40.606,1914.0,Bequest
279,Portrait of a Woman,"Montemezzano, Francesco",1602,29.100.104,1929.0,Collection
280,The Entombment,Moretto da Brescia (Alessandro Bonvicino),1554,12.61,1912.0,Purchase
281,Christ in the Wilderness,Moretto da Brescia (Alessandro Bonvicino),1520,11.53,1911.0,Purchase
282,Portrait of a Man,Moretto da Brescia (Alessandro Bonvicino),1525,28.79,1928.0,Purchase
283,Lucrezia Agliardi Vertova (1490?–1558),"Moroni, Giovanni Battista",1557,30.95.255,1930.0,Collection
284,Bartolomeo Bonghi (died 1584),"Moroni, Giovanni Battista",1559,13.177,1913.0,Purchase
285,Portrait of a Man,"Moroni, Giovanni Battista",1578,30.95.238,1930.0,Collection
286,Madonna and Child with Saints Jerome and Mary Magdalen,Neroccio de' Landi,1495,61.43,1961.0,Gift
287,Saint Michael,Neroccio de' Landi,1907,07.24.24,1907.0,Gift
288,Saint Michael,Neroccio de' Landi,1907,07.241,1907.0,Purchase
289,Saint Paul,Niccolò di Buonaccorso,1388,41.190.531,1941.0,Bequest
290,Saint Ursula and Her Maidens,Niccolò di Pietro,1415,23.64,1923.0,Purchase
291,The Adoration of the Shepherds,"Ortolano, L' (Giovanni Battista Benvenuti)",1527,30.95.296,1930.0,Collection
292,"Saint John on Patmos, Madonna and Child Enthroned, and Death of the Virgin; The Crucifixion",Pacino di Bonaguida,1320,64.189.3ab,1964.0,Gift
293,Portrait of a Young Man,"Detti, Bernardino",1578,56.51,1956.0,Gift
294,The Crucifixion,"Palma, Jacopo, the Younger",1628,57.170,1957.0,Gift
295,Saint Romuald,Pseudo-Palmeruccio,1330,1982.60.1,1982.0,Collection
296,Ancient Rome,"Panini, Giovanni Paolo",1757,52.63.1,1952.0,Purchase
297,Modern Rome,"Panini, Giovanni Paolo",1757,52.63.2,1952.0,Purchase
298,"Interior of Saint Peter's, Rome","Panini, Giovanni Paolo",1765,71.31,1871.0,Purchase
299,Madonna and Child,"Fei, Paolo di Giovanni",1379,41.190.13,1941.0,Bequest
300,Madonna and Child Enthroned,Paolo Veneziano,1355,1971.115.5,1971.0,Bequest
301,The Annunciation,"Bedoli, Girolamo Mazzola",1540,1982.319,1982.0,Purchase
302,A Mosque,"Pasini, Alberto",1872,25.110.94,1925.0,Bequest
303,A Mosque,"Pasini, Alberto",1886,08.136.13,1908.0,Bequest
304,"Portrait of a Knight of Malta, Probably Fra Jacopo Salviati","Cavalori, Mirabello",1566,41.100.5,1941.0,Gift
305,Bacchus and Ariadne,"Pellegrini, Giovanni Antonio",1729,1984.458,1984.0,Gift
306,The Resurrection,Perugino (Pietro di Cristoforo Vannucci),1507,11.65,1911.0,Purchase
307,Saint John the Baptist; Saint Lucy,Perugino (Pietro di Cristoforo Vannucci),1523,1981.293.1–2,1981.0,Gift
308,Frescoes from the Villa Stati-Mattei,"Peruzzi, Baldassare Tommaso",1536,48.17.1–22,1948.0,Purchase
309,Portrait of an Olivetan Monk,"Peruzzi, Baldassare Tommaso",1536,1986.339.1,1986.0,Gift
310,Madonna and Child with Six Saints,Pesellino (Francesco di Stefano),1449,50.145.30,1950.0,Bequest
311,Saint Christopher Carrying the Infant Christ,"Piazzetta, Giovanni Battista",1739,67.187.90,1967.0,Bequest
312,A Hunting Scene,Piero di Cosimo (Piero di Lorenzo di Piero d'Antonio),1500,75.7.2,1875.0,Gift
313,The Return from the Hunt,Piero di Cosimo (Piero di Lorenzo di Piero d'Antonio),1500,75.7.1,1875.0,Gift
314,The Young Saint John the Baptist,Piero di Cosimo (Piero di Lorenzo di Piero d'Antonio),1482,22.60.52,1922.0,Bequest
315,The Crucified Christ,Pietro da Rimini,1333,39.42,1939.0,Gift
316,Madonna and Child with Angels,Pietro di Domenico da Montepulciano,1420,07.201,1907.0,Purchase
317,Processional Crucifix,Pietro di Francesco Orioli,1496,22.60.61,1922.0,Bequest
318,Portrait of a Woman,"Pollaiuolo, Piero del (Piero di Jacopo Benci)",1485,50.135.3,1950.0,Bequest
319,Girl with Cherries,"d'Oggiono, Marco",1495,91.26.5,1891.0,Collection
320,Pilate Washing His Hands,"Preti, Mattia (Il Cavalier Calabrese)",1663,1978.402,1978.0,Purchase
321,Madonna and Child with Saints,Priamo della Quercia (Priamo del Pietro),1467,41.100.35–37,1941.0,Gift
322,Madonna and Child with Saints Francis and Dominic and Angels,"Procaccini, Giulio Cesare",1625,1979.209,1979.0,Purchase
323,The Lamentation,"Pulzone, Scipione (Il Gaetano)",1593,1984.74,1984.0,Purchase
324,Holy Family with an Angel,Raffaellino del Garbo,1495,14.40.641,1914.0,Bequest
325,The Agony in the Garden,Raphael (Raffaello Sanzio or Santi),1509,32.130.1,1932.0,Purchase
326,Madonna and Child Enthroned with Saints,Raphael (Raffaello Sanzio or Santi),1509,16.30ab,1916.0,Gift
327,"Giuliano de' Medici (1479–1516), Duke of Nemours",Raphael,1599,49.7.12,1949.0,Collection
328,A Cat Stealing Fish,"Recco, Giuseppe",1669,71.17,1871.0,Purchase
329,Charity,"Reni, Guido",1642,1974.348,1974.0,Gift
330,The Immaculate Conception,"Reni, Guido",1627,59.32,1959.0,Purchase
331,The Baptism of Christ,"Ricci, Sebastiano",1714,1981.186,1981.0,Purchase
332,The Holy Family with Angels,"Ricci, Sebastiano",1705,1986.347,1986.0,Gift
333,The Sacrifice of Polyxena,"Romanelli, Giovanni Francesco",1662,54.166,1954.0,Purchase
334,The Flagellation; (reverse) The Madonna of Mercy,"Romanino, Girolamo",1545,1989.86,1989.0,Purchase
335,Bandits on a Rocky Coast,"Rosa, Salvator",1660,34.137,1934.0,Purchase
336,The Dream of Aeneas,"Rosa, Salvator",1665,65.118,1965.0,Purchase
337,Self-Portrait,"Rosa, Salvator",1652,21.105,1921.0,Bequest
338,Madonna and Child with Two Angels,"Rosselli, Cosimo",1485,32.100.84,1932.0,Collection
339,Portrait of a Man,"Rosselli, Cosimo",1482,50.135.1,1950.0,Bequest
340,Marcantonio Pasqualini (1614–1691) Crowned by Apollo,"Sacchi, Andrea",1641,1981.317,1981.0,Purchase
341,Portrait of a Man,"Salviati, Francesco (Francesco de' Rossi)",1563,55.14,1955.0,Gift
342,The Adoration of the Magi,Sano di Pietro (Ansano di Pietro di Mencio),1475,58.189.2,1958.0,Gift
343,The Burial of Saint Martha,Sano di Pietro (Ansano di Pietro di Mencio),1465,65.181.7,1965.0,Bequest
344,"Madonna and Child with the Dead Christ, Saints Agnes and Catherine of Alexandria, and Two Angels",Sano di Pietro (Ansano di Pietro di Mencio),1475,1987.290.2ab,1987.0,
345,The Massacre of the Innocents,Sano di Pietro (Ansano di Pietro di Mencio),1475,58.189.1,1958.0,Gift
346,Paradise,"Saraceni, Carlo",1603,1971.93,1971.0,Collection
347,Head of the Madonna,Franciabigio (Francesco di Cristofano),1514,32.100.89,1932.0,Collection
348,The Holy Family with the Young Saint John the Baptist,"Sarto, Andrea del (Andrea d'Agnolo)",1533,22.75,1922.0,Purchase
349,Portrait of a Man,"Sarto, Andrea del (Andrea d'Agnolo)",1529,1982.60.9,1982.0,Collection
350,The Journey of the Magi,Sassetta (Stefano di Giovanni),1435,43.98.1,1943.0,Collection
351,Madonna and Child with Angels,Sassetta (Stefano di Giovanni),1450,41.100.20,1941.0,Gift
352,Saint Matthew and the Angel,"Savoldo, Giovanni Gerolamo",1548,12.14,1912.0,Purchase
353,The Marriage of Cupid and Psyche,"Schiavone, Andrea (Andrea Meldola)",1545,1973.116,1973.0,Purchase
354,"Portrait of a Man, Said to be Christopher Columbus (born about 1446, died 1506)",Sebastiano del Piombo (Sebastiano Luciani),1519,00.18.2,1900.0,Gift
355,Madonna and Child with Saints and Donors,Sebastiano del Piombo,1547,1973.155.5,1973.0,Bequest
356,Christ Blessing,Segna di Buonaventura,1316,65.181.2,1965.0,Bequest
357,Madonna and Child,Segna di Buonaventura,1325,24.78a,1924.0,Purchase
358,Saint John the Evangelist,Segna di Buonaventura,1325,41.100.22,1941.0,Gift
359,The Virgin Adoring the Child with the Infant Saint John the Baptist,"Arcangelo, Jacopo di",1489,41.100.10,1941.0,Gift
360,The Assumption of the Virgin with Saints Michael and Benedict,"Signorelli, Luca",1496,29.164,1929.0,Purchase
361,Madonna and Child,"Signorelli, Luca (Luca d'Egidio di Luca di Ventura)",1507,49.7.13,1949.0,Collection
362,Saint Andrew,"Martini, Simone",1331,41.100.23,1941.0,Gift
363,Saint Andrew,"Martini, Simone",1319,43.98.12,1943.0,Collection
364,Saint Bartholomew,"Martini, Simone",1319,43.98.10,1943.0,Collection
365,Saint Matthias,"Martini, Simone",1319,43.98.11,1943.0,Collection
366,Saint Thomas,"Martini, Simone",1319,43.98.9,1943.0,Collection
367,Christ Blessing,"Solario, Andrea",1524,22.16.12,1922.0,Collection
368,Salome with the Head of Saint John the Baptist,"Solario, Andrea",1509,32.100.81,1932.0,Collection
369,The Birth of the Virgin,"Solimena, Francesco",1695,07.66,1907.0,Purchase
370,Diego Pignatelli d'Aragona (1687–1750) and an Enslaved African Servant,"Solimena, Francesco",1732,67.102,1967.0,Purchase
371,Saint Mary Magdalen Holding a Crucifix; (reverse) The Flagellation,Spinello Aretino (Spinello di Luca Spinelli),1400,13.175,1913.0,Gift
372,Judith with the Head of Holofernes,"Stanzione, Massimo",1645,59.40,1959.0,Gift
373,Tobias Curing His Father's Blindness,"Strozzi, Bernardo",1635,57.23,1957.0,Purchase
374,Christ and the Twelve Apostles,Taddeo di Bartolo,1405,1991.27.1,1991.0,Bequest
375,Alexander the Great Rescued from the River Cydnus,"Testa, Pietro",1655,1987.75,1987.0,Gift
376,The Triumph of Marius,"Tiepolo, Giovanni Battista",1729,65.183.1,1965.0,Purchase
377,The Adoration of the Magi,"Tiepolo, Giovanni Battista",1759,37.165.1,1937.0,Purchase
378,Allegory of the Planets and Continents,"Tiepolo, Giovanni Battista",1752,1977.1.3,1977.0,Gift
379,The Apotheosis of the Spanish Monarchy,"Tiepolo, Giovanni Battista",1769,1980.363,1980.0,Gift
380,The Apotheosis of the Spanish Monarchy,"Tiepolo, Giovanni Battista",1769,37.165.3,1937.0,Purchase
381,Allegorical Figure Representing Arithmetic,"Mengozzi, Girolamo (called Colonna)|Tiepolo, Giovanni Battista",1760,43.85.14,1943.0,Bequest
382,The Battle of Vercellae,"Tiepolo, Giovanni Battista",1729,65.183.3,1965.0,Purchase
383,The Capture of Carthage,"Tiepolo, Giovanni Battista",1729,65.183.2,1965.0,Purchase
384,A Female Allegorical Figure,"Tiepolo, Giovanni Battista",1750,1984.49,1984.0,Gift
385,Allegorical Figure Representing Geometry,"Mengozzi, Girolamo (called Colonna)|Tiepolo, Giovanni Battista",1760,43.85.15,1943.0,Bequest
386,The Glorification of the Barbaro Family,"Tiepolo, Giovanni Battista",1755,23.128,1923.0,Gift
387,Allegorical Figure Representing Grammar,"Mengozzi, Girolamo (called Colonna)|Tiepolo, Giovanni Battista",1760,43.85.16,1943.0,Bequest
388,The Investiture of Bishop Harold as Duke of Franconia,"Tiepolo, Giovanni Battista",1752,71.121,1871.0,Purchase
389,Allegorical Figure Representing Metaphysics,"Mengozzi, Girolamo (called Colonna)|Tiepolo, Giovanni Battista",1760,43.85.13,1943.0,Bequest
390,Neptune and the Winds,"Tiepolo, Giovanni Battista",1769,37.165.4,1937.0,Purchase
391,Saint Thecla Praying for the Plague-Stricken,"Tiepolo, Giovanni Battista",1759,37.165.2,1937.0,Purchase
392,Allegorical Figures Representing Virtue and Abundance,"Tiepolo, Giovanni Battista",1760,43.85.12,1943.0,Bequest
393,Allegorical Figure Representing Fortitude,"Tiepolo, Giovanni Battista",1760,43.85.24,1943.0,Bequest
394,Allegorical Figure Representing Prudence,"Tiepolo, Giovanni Battista",1760,43.85.21,1943.0,Bequest
395,Allegorical Figure Representing Temperance,"Tiepolo, Giovanni Battista",1760,43.85.23,1943.0,Bequest
396,"Allegorical Figure Representing a Virtue, Possibly Patriotism","Tiepolo, Giovanni Battista",1760,43.85.22,1943.0,Bequest
397,Allegorical Figure Representing Africa,"Tiepolo, Giovanni Domenico",1804,43.85.18,1943.0,Bequest
398,Allegorical Figure Representing America,"Tiepolo, Giovanni Domenico",1804,43.85.20,1943.0,Bequest
399,Allegorical Figure Representing Asia,"Tiepolo, Giovanni Domenico",1804,43.85.17,1943.0,Bequest
400,A Dance in the Country,"Tiepolo, Giovanni Domenico",1760,1980.67,1980.0,Gift
401,Allegorical Figure Representing Europe,"Tiepolo, Giovanni Domenico",1804,43.85.19,1943.0,Bequest
402,The Glorification of the Giustiniani Family,"Tiepolo, Giovanni Domenico",1783,13.2,1913.0,Purchase
403,The Sacrifice of Isaac,"Tiepolo, Giovanni Domenico",1756,71.28,1871.0,Purchase
404,Doge Alvise Mocenigo (1507–1577) Presented to the Redeemer,"Tintoretto, Jacopo (Jacopo Robusti)",1577,10.206,1910.0,Purchase
405,The Finding of Moses,"Tintoretto, Jacopo (Jacopo Robusti)",1569,39.55,1939.0,Purchase
406,The Miracle of the Loaves and Fishes,"Tintoretto, Jacopo (Jacopo Robusti)",1550,13.75,1913.0,Purchase
407,Portrait of a Man,"Tintoretto, Jacopo (Jacopo Robusti)",1559,41.100.12,1941.0,Gift
408,"Filippo Archinto (born about 1500, died 1558), Archbishop of Milan",Titian (Tiziano Vecellio),1556,14.40.650,1914.0,Bequest
409,Madonna and Child,Titian (Tiziano Vecellio),1513,49.7.15,1949.0,Collection
410,Portrait of a Man,Titian (Tiziano Vecellio),1520,14.40.640,1914.0,Bequest
411,Venus and Adonis,Titian (Tiziano Vecellio),1559,49.7.16,1949.0,Collection
412,Venus and the Lute Player,Titian,1570,36.29,1936.0,Purchase
413,"Alfonso d'Este (1486–1534), Duke of Ferrara",Titian,1629,27.56,1927.0,Purchase
414,Doge Andrea Gritti (1455–1538),Titian,1576,32.100.85,1932.0,Collection
415,Portrait of a Man,Tommaso Fiorentino (Tommaso di Stefano Lunetti),1521,17.190.8,1917.0,Gift
416,Saint Margaret of Cortona,"Traversi, Gaspare",1763,68.182,1968.0,Purchase
417,Teasing a Sleeping Girl,"Traversi, Gaspare",1765,1976.100.19,1976.0,Bequest
418,Portrait of a Man,"Traversi, Gaspare|Goya",1770,29.100.179,1929.0,Collection
419,The Flight into Egypt,"Tura, Cosmè (Cosimo di Domenico di Bonaventura)",1479,49.7.17,1949.0,Collection
420,Saint Louis of Toulouse,"Tura, Cosmè (Cosimo di Domenico di Bonaventura)",1484,30.95.259,1930.0,Collection
421,Portrait of a Young Man,"Tura, Cosmè (Cosimo di Domenico di Bonaventura)",1479,14.40.649,1914.0,Bequest
422,Portrait of a Woman,"di Francesco del Cervelliera, Giovanni",1450,32.100.98,1932.0,Collection
423,Madonna and Child Enthroned with Saints Peter and Paul and Angels,"Vanni, Lippo (Lippo Vanni di Giovanni)",1375,32.100.100,1932.0,Collection
424,Alessandro Vittoria (1525–1608),"Veronese, Paolo (Paolo Caliari)",1585,46.31,1946.0,Purchase
425,Boy with a Greyhound,"Veronese, Paolo (Paolo Caliari)",1579,29.100.105,1929.0,Collection
426,Mars and Venus United by Love,"Veronese, Paolo (Paolo Caliari)",1579,10.189,1910.0,Purchase
427,Madonna and Child,"Verrocchio, Andrea del",1475,14.40.647,1914.0,Bequest
428,Saint Peter Martyr Healing the Leg of a Young Man,"Vivarini, Antonio",1455,37.163.4,1937.0,Gift
429,Saint Jerome,"Vivarini, Antonio",1449,65.181.6,1965.0,Bequest
430,The Death of the Virgin,"Vivarini, Bartolomeo",1485,50.229.1,1950.0,Gift
431,A Saint (Mark?) Reading,"Vivarini, Bartolomeo",1475,65.181.1,1965.0,Bequest
432,Saint Lucy,"Zaganelli, Francesco (Francesco di Bosio)",1532,30.95.292,1930.0,Collection
433,Landscape with Peasants at a Fountain,"Zuccarelli, Francesco",1788,59.189.1,1959.0,Gift
434,The Last Communion of Saint Mary of Egypt,"Franceschini, Marcantonio",1680,1996.9,1996.0,Purchase
435,Christ Presented to the People (Ecce Homo),Sodoma (Giovanni Antonio Bazzi),1549,1996.261,1996.0,Gift
436,The Denial of Saint Peter,Caravaggio (Michelangelo Merisi),1610,1997.167,1997.0,Gift
437,Saint Julian,"Gaddi, Taddeo",1349,1997.117.1,1997.0,Bequest
438,The Mystic Marriage of Saint Catherine of Siena,Giovanni di Paolo (Giovanni di Paolo di Grazia),1482,1997.117.2,1997.0,Bequest
439,Saint Catherine of Siena Exchanging Her Heart with Christ,Giovanni di Paolo (Giovanni di Paolo di Grazia),1482,1997.117.3,1997.0,Bequest
440,The Antechamber of the Sala del Maggior Consiglio,"Guardi, Francesco",1768,1997.117.4,1997.0,Bequest
441,The Ridotto Pubblico at Palazzo Dandolo,"Guardi, Francesco",1768,1997.117.5,1997.0,Bequest
442,The Chariot of Aurora,"Tiepolo, Giovanni Battista",1769,1997.117.7,1997.0,Bequest
443,A Female Allegorical Figure,"Tiepolo, Giovanni Battista",1750,1997.117.8,1997.0,Bequest
444,The Crucifixion,"Uccello, Paolo (Paolo di Dono)",1457,1997.117.9,1997.0,Bequest
445,The Man of Sorrows with Two Angels,Francesco di Giorgio Martini,1475,1996.341,1996.0,Gift
446,"The Grand Canal, Venice, Looking South toward the Rialto Bridge",Canaletto (Giovanni Antonio Canal),1739,2019.141.2,2019.0,Bequest
447,"Campo Santa Maria Zobenigo, Venice",Canaletto (Giovanni Antonio Canal),1739,2019.141.3,2019.0,Bequest
448,"The Grand Canal, Venice, Looking Southeast, with the Campo della Carità to the Right",Canaletto (Giovanni Antonio Canal),1739,2019.141.4,2019.0,Bequest
449,"Campo Sant'Angelo, Venice",Canaletto (Giovanni Antonio Canal),1739,2019.141.5,2019.0,Bequest
450,"A Lock, a Column, and a Church beside a Lagoon",Canaletto (Giovanni Antonio Canal),1768,2019.141.6,2019.0,Bequest
451,Warwick Castle,Canaletto (Giovanni Antonio Canal),1748,2019.141.7,2019.0,Bequest
452,"The Villa Loredan, Paese","Guardi, Francesco",1784,2019.141.14,2019.0,Bequest
453,"The Island of San Michele, Venice","Guardi, Francesco",1779,2019.141.13,2019.0,Bequest
454,The Flight into Egypt,"Tiepolo, Giovanni Battista",1770,2019.141.19,2019.0,Bequest
455,The Meeting of Antony and Cleopatra,"Tiepolo, Giovanni Battista",1747,2019.141.18,2019.0,Bequest
456,The Departure of the Gondola,"Tiepolo, Giovanni Domenico",1767,2019.141.20,2019.0,Bequest
457,Saint Catherine of Alexandria in Prison,"Veronese, Paolo (Paolo Caliari)",1585,1999.225,1999.0,Gift
458,Madonna and Child with the Infant Saint John the Baptist,Santi di Tito,1573,2012.451,2012.0,Gift
459,Salvator Mundi,"Fetti, Domenico",1623,2007.91,2007.0,Gift
460,The Burial of Christ,"Carracci, Annibale",1595,1998.188,1998.0,Purchase
461,The Virgin Adored by Saints,Scarsellino (Ippolito Scarsella),1614,2001.417,2001.0,Gift
462,Pope Pius VII (1742–1823),"Boni, Bianca",1825,1999.287,1999.0,Bequest
463,God the Father,"Bevilacqua, Ambrogio",1512,41.190.40b,1941.0,Bequest
464,The Crucifixion,"Daddi, Bernardo",1330,1999.532,1999.0,Gift
465,The Lamentation,"Carracci, Ludovico",1587,2000.68,2000.0,Purchase
466,Madonna and Child,"Granacci, Francesco (Francesco di Andrea di Marco)",1525,2000.420,2000.0,Gift
467,The Crucifixion,"Granacci, Francesco (Francesco di Andrea di Marco)",1515,2006.409,2006.0,Gift
468,"Gustavus Hamilton (1710–1746), Second Viscount Boyne, in Masquerade Costume","Carriera, Rosalba",1731,2002.22,2002.0,Purchase
469,The Crucifixion,"Lorenzetti, Pietro",1344,2002.436,2002.0,Purchase
470,Saint Francis,"Barocci, Federico",1604,2003.281,2003.0,Purchase
471,The Dormition of the Virgin,"Saraceni, Carlo",1617,2019.406,1999.0,Gift
472,Saint George,"Crivelli, Carlo",1472,05.41.2,1905.0,Purchase
473,Madonna and Child,Duccio di Buoninsegna,1300,2004.442,2004.0,Purchase
474,Madonna and Child with Saints,"Carracci, Ludovico",1607,2007.330,2007.0,Gift
475,Madonna and Child (after Duccio),"Marzi, Bruno",1954,2005.476.1,2005.0,Gift
476,Saint John the Baptist Bearing Witness,"Carracci, Annibale",1605,2009.252,2009.0,Gift
477,Saint John the Baptist Preaching,"Preti, Mattia (Il Cavalier Calabrese)",1655,2005.477,2005.0,Gift
478,Madonna and Child with Two Angels,"Giunti, Umberto",1929,2005.476.2,2005.0,Gift
479,The Penitent Magdalen,"Giaquinto, Corrado",1755,2006.54,2006.0,Purchase
480,Study of a Boy in a Blue Jacket,"Luti, Benedetto",1717,2007.360,2007.0,Purchase
481,Study of a Girl in Red,"Luti, Benedetto",1717,2007.361,2007.0,Purchase
482,The Lamentation,Domenichino (Domenico Zampieri),1603,2008.72,2008.0,Purchase
483,Study of a Tree Limb,"Camuccini, Giovanni Battista",1849,2009.400.15,2009.0,Collection
484,The Etruscan Ruin,"Camuccini, Giovanni Battista",1849,2009.400.16,2009.0,Collection
485,Path in the Roman Campagna,"Camuccini, Giovanni Battista",1849,2009.400.14,2009.0,Collection
486,Landscape with Erminia,"Tassi, Agostino",1635,2013.197,2013.0,Collection
487,Coastal Landscape with Tower,"Mola, Pier Francesco",1652,2009.400.88,2009.0,Collection
488,The Baptism of Christ,"Bassano, Jacopo (Jacopo da Ponte)",1595,2012.99,2012.0,Gift
489,Head of a Bishop,"Gandolfi, Gaetano",1775,2010.117,2010.0,Purchase
490,Saint Dominic in Penitence,"Tarchiani, Filippo",1612,2015.761,2015.0,Gift
491,The Crucifixion,Ugolino da Siena,1320,41.190.31a,1941.0,Bequest
492,Head of an Old Woman,"Borgianni, Orazio",1616,2010.289,2010.0,Purchase
493,"Portrait of a Woman (Marianna Panciatichi, marchesa Paolucci delle Roncole, 1835–1919, or her sister-in-law, Beatrice Ferrari-Corbelli di Reggio, contessa di Lucciano)","Gordigiani, Michele",1864,2011.9,2011.0,Purchase
494,The Holy Family with the Infant Saint John the Baptist,Perino del Vaga (Pietro Buonaccorsi),1526,2011.26,2011.0,Purchase
495,Hagar and the Angel,"Maffei, Francesco",1662,2012.100.1,2012.0,Bequest
496,A Female Martyr Saint,"Nuvolone, Carlo Francesco",1655,2012.100.2,2012.0,Bequest
497,Medea Rejuvenating Aeson,"Giaquinto, Corrado",1765,2011.82,2011.0,Purchase
498,Dead Christ Supported by Angels,"Trevisani, Francesco",1715,2012.256,2012.0,Purchase
499,A Cardinal's Procession,"Leoni, Ottavio (Il Padovano)",1621,2012.543,2012.0,Gift
500,Saint Silvester Gozzolini,Segna di Buonaventura,1329,24.78b,1924.0,Purchase
501,Saint Benedict,Segna di Buonaventura,1329,24.78c,1924.0,Purchase
502,Portrait of a Woman,"Gaulli, Giovanni Battista",1679,2014.277,2014.0,Gift
503,Saint Francis in Ecstasy,"Castiglione, Giovanni Benedetto (Il Grechetto)",1655,2014.270,2014.0,Purchase
504,The Lamentation,"Mazzolino, Ludovico",1516,2014.448,2014.0,Gift
505,The Execution of Saint John the Baptist,"Gandolfi, Ubaldo",1775,2014.566,2014.0,Purchase
506,The Sacrifice of Iphigenia,"Gandolfi, Gaetano",1789,2015.46,2015.0,Purchase
507,The Death of Cleopatra,"Cagnacci, Guido",1655,2016.63,2016.0,Purchase
508,Saint Francis of Assisi,Antoniazzo Romano (Antonio di Benedetto Aquilio),1481,2017.714,2017.0,Gift
509,Bust of a Man (Saint Matthias?),"Piazzetta, Giovanni Battista",1720,2016.653,2016.0,Gift
510,Christ and the Woman of Samaria,"Luti, Benedetto",1720,2015.645,2015.0,Purchase
511,"Grape Vines and Fruit, with Three Wagtails","Cavarozzi, Bartolomeo",1618,2016.306,2016.0,Gift
512,Saint Philip Neri (1515–1595),"Dolci, Carlo",1646,2016.507,2016.0,Purchase
513,The Calling of Saint Matthew,"Caracciolo, Giovanni Battista",1630,2016.485,2016.0,Purchase
514,A Miracle of Saint Joseph of Cupertino (1603–1663),"Costanzi, Placido",1750,2016.394,2016.0,Gift
515,Carlo Rimbotti (1518–1591),"Salviati, Francesco (Francesco de' Rossi)",1548,2017.401,2017.0,Purchase
516,The Adoration of the Shepherds,"Sellari, Girolamo",1540,2017.651,2017.0,Gift
517,Pope Clement X (1590–1676),"Gaulli, Giovanni Battista",1671,2017.422,2017.0,Purchase
518,The Crucifixion,"Verona, Stefano da",1405,2018.87,2018.0,Purchase
519,Imaginary View with a Tomb by the Lagoon,Canaletto (Giovanni Antonio Canal),1743,2018.289.1,2018.0,Gift
520,Madonna and Child with the Infant Saint John the Baptist,"Caccia, Orsola Maddalena",1630,2020.263.3,2020.0,Bequest
521,Still Life of Grapes and Peaches,"Nuvolone, Panfilo",1622,2020.263.9,2020.0,Bequest
522,Still Life of Fruit and Nuts,"Ruoppolo, Giuseppe",1669,2020.263.10,2020.0,Bequest
523,Flowers in a Grotesque Vase,"Caccia, Orsola Maddalena",1640,2020.263.1,2020.0,Bequest
524,Fruit and Flowers,"Caccia, Orsola Maddalena",1635,2020.263.2,2020.0,Bequest
525,Judgment of Paris,"Turchi, Alessandro",1645,2020.263.11,2020.0,Bequest
526,Roman Landscape with a Shepherd and Sheep,"Castiglione, Giovanni Benedetto (Il Grechetto)",1649,2020.263.4,2020.0,Bequest
527,Basket of Fruit,"Cavarozzi, Bartolomeo|Master of the Acquavella Still Life",1625,2020.263.5,2020.0,Bequest
528,The Flight into Egypt,"Maratti, Carlo",1669,2020.263.8,2020.0,Bequest
529,Charity,"Cignani, Carlo",1719,2020.263.6,2020.0,Bequest
530,Cain Slaying Abel,"Mola, Pier Francesco",1652,2020.112,2020.0,Gift
531,An Old Man with a Dog,"Ceruti, Giacomo",1749,2019.263,2019.0,Gift
