,artwork,history,receivers,id,surrenders,inventory,Object Number,Is Highlight,Is Timeline Work,Is Public Domain,Object ID,Gallery Number,Department,AccessionYear,Object Name,Title,Culture,Period,Dynasty,Reign,Portfolio,Constituent ID,Artist Role,Artist Prefix,Artist Display Name,Artist Display Bio,Artist Suffix,Artist Alpha Sort,Artist Nationality,Artist Begin Date,Artist End Date,Artist Gender,Artist ULAN URL,Artist Wikidata URL,Object Date,Object Begin Date,Object End Date,Medium,Dimensions,Credit Line,Geography Type,City,State,County,Country,Region,Subregion,Locale,Locus,Excavation,River,Classification,Rights and Reproduction,Link Resource,Object Wikidata URL,Metadata Date,Repository,Tags,Tags AAT URL,Tags Wikidata URL
0,https://w3id.org/zericatalog/artwork/45055/item,1,The Metropolitan Museum of Art,"inv. 14.40.650, dono B. Altman",Collezione B. Altman,14.40.650,14.40.650,0,1,1,437823,608.0,European Paintings,1914,Painting,"Filippo Archinto (born about 1500, died 1558), Archbishop of Milan",,,,,,16255,Artist, ,Titian (Tiziano Vecellio),"Italian, Pieve di Cadore ca. 1485/90?–1576 Venice", ,Titian (Tiziano Vecellio),Italian,1485      ,1576      ,,http://vocab.getty.edu/page/ulan/500031075,https://www.wikidata.org/wiki/Q47551,mid-1550s,1554,1556,Oil on canvas,46 1/2 x 37 in. (118.1 x 94 cm),"Bequest of Benjamin Altman, 1913",,,,,,,,,,,,Paintings,,http://www.metmuseum.org/art/collection/search/437823,https://www.wikidata.org/wiki/Q19904807,,"Metropolitan Museum of Art, New York, NY",Men|Portraits,http://vocab.getty.edu/page/aat/300025928|http://vocab.getty.edu/page/aat/300015637,https://www.wikidata.org/wiki/Q8441|https://www.wikidata.org/wiki/Q134307
1,https://w3id.org/zericatalog/artwork/16633/item,4,"The Metropolitan Museum of Art, Collezione H.G. Sperling, Kleinberger Galleries, Collezione O. Wertheimer","inv. 1976.100.15, lascito Harry G. Sperling","Collezione H.G. Sperling, Kleinberger Galleries, Collezione O. Wertheimer, Château de Grange Blanche, collezione Chalandon",1976.100.15,1976.100.15,0,0,1,436770,,European Paintings,1976,Painting,Holy Family,,,,,,10782,Artist, ,Jacopino del Conte,"Italian, Florentine, 1515–1598", ,Jacopino del Conte,Italian,1515      ,1598      ,,http://vocab.getty.edu/page/ulan/500030788,https://www.wikidata.org/wiki/Q2538308,,1535,1598,Oil on wood,47 1/2 x 33 3/4 in. (120.7 x 85.7 cm),"Bequest of Harry G. Sperling, 1971",,,,,,,,,,,,Paintings,,http://www.metmuseum.org/art/collection/search/436770,https://www.wikidata.org/wiki/Q19912153,,"Metropolitan Museum of Art, New York, NY",Holy Family|Saint Joseph|Christ|Virgin Mary,http://vocab.getty.edu/page/ia/901001175|http://vocab.getty.edu/page/ia/901000953|http://vocab.getty.edu/page/ia/901000087|http://vocab.getty.edu/page/ia/901000032,https://www.wikidata.org/wiki/Q618057|https://www.wikidata.org/wiki/Q128267|https://www.wikidata.org/wiki/Q642420|https://www.wikidata.org/wiki/Q345
2,https://w3id.org/zericatalog/artwork/41423/item,2,"The Metropolitan Museum of Art, Asta Christie's",inv. 1973.311.1,"Asta Christie's, Harewood House, collezione Earl of Harewood",1973.311.1,1973.311.1,0,1,1,435722,626.0,European Paintings,1973,Painting,Portrait of a Man in Armor with Two Pages,,,,,,10742,Artist, ,Paris Bordon,"Italian, Treviso 1500–1571 Venice", ,"Bordon, Paris",Italian,1500      ,1571      ,,http://vocab.getty.edu/page/ulan/500018343,https://www.wikidata.org/wiki/Q366081,,1520,1571,Oil on canvas,46 x 62 in. (116.8 x 157.5 cm),"Gift of Mr. and Mrs. Charles Wrightsman, 1973",,,,,,,,,,,,Paintings,,http://www.metmuseum.org/art/collection/search/435722,https://www.wikidata.org/wiki/Q19905185,,"Metropolitan Museum of Art, New York, NY",Armor|Boys|Men|Portraits,http://vocab.getty.edu/page/aat/300226591|http://vocab.getty.edu/page/aat/300247598|http://vocab.getty.edu/page/aat/300025928|http://vocab.getty.edu/page/aat/300015637,https://www.wikidata.org/wiki/Q20793164|https://www.wikidata.org/wiki/Q3010|https://www.wikidata.org/wiki/Q8441|https://www.wikidata.org/wiki/Q134307
3,https://w3id.org/zericatalog/artwork/32096/item,4,"The Metropolitan Museum of Art, P. Corsini, Collezione S. Brunswick, Hammer Galleries",inv. 1984.74,"P. Corsini, Collezione S. Brunswick, Hammer Galleries, Chiesa del SS. Nome di Gesù",1984.74,1984.74,0,1,1,437342,,European Paintings,1984,Painting,The Lamentation,,,,,,10819,Artist, ,Scipione Pulzone (Il Gaetano),"Italian, Gaeta, active by 1569–died 1598 Rome", ,"Pulzone, Scipione (Il Gaetano)",Italian,1569      ,1598      ,,http://vocab.getty.edu/page/ulan/500015262,https://www.wikidata.org/wiki/Q2632216,1593,1593,1593,Oil on canvas,114 x 68 in. (289.6 x 172.7 cm),"Purchase, Anonymous Gift, in memory of Terence Cardinal Cooke, 1984",,,,,,,,,,,,Paintings,,http://www.metmuseum.org/art/collection/search/437342,https://www.wikidata.org/wiki/Q19911628,,"Metropolitan Museum of Art, New York, NY",Sadness|Suffering|Mary Magdalene|Saint John the Evangelist|Lamentation|Death|Christ|Virgin Mary,http://vocab.getty.edu/page/aat/300055166|http://vocab.getty.edu/page/aat/300055184|http://vocab.getty.edu/page/ia/901000161|http://vocab.getty.edu/page/ia/901001171|http://vocab.getty.edu/page/ia/901001196|http://vocab.getty.edu/page/aat/300151836|http://vocab.getty.edu/page/ia/901000087|http://vocab.getty.edu/page/ia/901000032,https://www.wikidata.org/wiki/Q169251|https://www.wikidata.org/wiki/Q5780945|https://www.wikidata.org/wiki/Q63070|https://www.wikidata.org/wiki/Q328804|https://www.wikidata.org/wiki/Q3155356|https://www.wikidata.org/wiki/Q4|https://www.wikidata.org/wiki/Q642420|https://www.wikidata.org/wiki/Q345
4,https://w3id.org/zericatalog/artwork/45062/item,4,"The Metropolitan Museum of Art, Collezione J. Pierpont Morgan, Collezioni reali, Collezione Colonna","inv. 16.30ab, dono di J. Pierpont Morgan (1916)","Collezione J. Pierpont Morgan, Collezioni reali, Collezione Colonna, Convento di S. Antonio da Padova",16.30ab,16.30ab,1,1,1,437372,962.0,European Paintings,1916,"Painting, altarpiece",Madonna and Child Enthroned with Saints,,,,,,16229,Artist, ,Raphael (Raffaello Sanzio or Santi),"Italian, Urbino 1483–1520 Rome", ,Raphael (Raffaello Sanzio or Santi),Italian,1483      ,1520      ,,http://vocab.getty.edu/page/ulan/500023578,https://www.wikidata.org/wiki/Q5597,ca. 1504,1499,1509,Oil and gold on wood,"Main panel, overall 67 7/8 x 67 7/8 in. (172.4 x 172.4 cm), painted surface 66 3/4 x 66 1/2 in. (169.5 x 168.9 cm); lunette, overall 29 1/2 x 70 7/8 in. (74.9 x 180 cm), painted surface 25 1/2 x 67 1/2 in. (64.8 x 171.5 cm)","Gift of J. Pierpont Morgan, 1916",,,,,,,,,,,,Paintings,,http://www.metmuseum.org/art/collection/search/437372,https://www.wikidata.org/wiki/Q27033728,,"Metropolitan Museum of Art, New York, NY",Madonna and Child|Saint Catherine|Saint John the Baptist|Saint Paul|Saint Peter|Angels,http://vocab.getty.edu/page/ia/901000052| |http://vocab.getty.edu/page/ia/901001056|http://vocab.getty.edu/page/ia/901001058|http://vocab.getty.edu/page/ia/901000056|http://vocab.getty.edu/page/aat/300379004,https://www.wikidata.org/wiki/Q9309699| |https://www.wikidata.org/wiki/Q40662|https://www.wikidata.org/wiki/Q9200|https://www.wikidata.org/wiki/Q33923|https://www.wikidata.org/wiki/Q235113
5,https://w3id.org/zericatalog/artwork/46494/item,1,The Metropolitan Museum of Art,inv. 41.100.12,Collezione G. e F. Blumenthal,41.100.12,41.100.12,0,1,1,437822,608.0,European Paintings,1941,Painting,Portrait of a Man,,,,,,16254,Artist, ,Jacopo Tintoretto (Jacopo Robusti),"Italian, Venice 1518/19–1594 Venice", ,"Tintoretto, Jacopo (Jacopo Robusti)",Italian,1518      ,1594      ,,http://vocab.getty.edu/page/ulan/500011407,https://www.wikidata.org/wiki/Q9319,1550s,1550,1559,Oil on canvas,44 3/8 x 35 in. (112.7 x 88.9 cm),"Gift of George Blumenthal, 1941",,,,,,,,,,,,Paintings,,http://www.metmuseum.org/art/collection/search/437822,https://www.wikidata.org/wiki/Q19905075,,"Metropolitan Museum of Art, New York, NY",Men|Portraits,http://vocab.getty.edu/page/aat/300025928|http://vocab.getty.edu/page/aat/300015637,https://www.wikidata.org/wiki/Q8441|https://www.wikidata.org/wiki/Q134307
6,https://w3id.org/zericatalog/artwork/18022/item,3,"The Metropolitan Museum of Art, Collezione J.H. Harding, Asta Christie's",inv. 55.14,"Collezione J.H. Harding, Asta Christie's, Collezione J.E. Taylor",55.14,55.14,0,1,1,437598,,European Paintings,1955,Painting,Portrait of a Man,,,,,,16236,Artist, ,Francesco Salviati (Francesco de' Rossi),"Italian, Florence 1510–1563 Rome", ,"Salviati, Francesco (Francesco de' Rossi)",Italian,1510      ,1563      ,,http://vocab.getty.edu/page/ulan/500002852,https://www.wikidata.org/wiki/Q704594,,1530,1563,Oil on canvas,48 1/4 x 36 3/4 in. (122.6 x 93.4 cm),"Gift of Mr. and Mrs. Nate B. Spingold, 1955",,,,,,,,,,,,Paintings,,http://www.metmuseum.org/art/collection/search/437598,https://www.wikidata.org/wiki/Q19912783,,"Metropolitan Museum of Art, New York, NY",Men|Portraits,http://vocab.getty.edu/page/aat/300025928|http://vocab.getty.edu/page/aat/300015637,https://www.wikidata.org/wiki/Q8441|https://www.wikidata.org/wiki/Q134307
7,https://w3id.org/zericatalog/artwork/44254/item,1,The Metropolitan Museum of Art,inv. 49.7.15,Collezione J.S. Bache,49.7.15,49.7.15,0,0,1,437824,626.0,European Paintings,1949,Painting,Madonna and Child,,,,,,16255,Artist, ,Titian (Tiziano Vecellio),"Italian, Pieve di Cadore ca. 1485/90?–1576 Venice", ,Titian (Tiziano Vecellio),Italian,1485      ,1576      ,,http://vocab.getty.edu/page/ulan/500031075,https://www.wikidata.org/wiki/Q47551,ca. 1508,1503,1513,Oil on wood,Overall 18 x 22 in. (45.7 x 55.9 cm); painted surface 17 x 21 1/2 in. (43.2 x 54.6 cm),"The Jules Bache Collection, 1949",,,,,,,,,,,,Paintings,,http://www.metmuseum.org/art/collection/search/437824,https://www.wikidata.org/wiki/Q3842385,,"Metropolitan Museum of Art, New York, NY",Madonna and Child,http://vocab.getty.edu/page/ia/901000052,https://www.wikidata.org/wiki/Q9309699
8,https://w3id.org/zericatalog/artwork/50670/item,3,"The Metropolitan Museum of Art, Knoedler and Co., E. Volpi",inv. 28.79,"Knoedler and Co., E. Volpi, Collezione Fassati",28.79,28.79,0,1,1,437158,626.0,European Paintings,1928,Painting,Portrait of a Man,,,,,,16214,Artist, ,Moretto da Brescia (Alessandro Bonvicino),"Italian, Brescia ca. 1498–1554 Brescia", ,Moretto da Brescia (Alessandro Bonvicino),Italian,1498      ,1554      ,,http://vocab.getty.edu/page/ulan/500007609,https://www.wikidata.org/wiki/Q954504,ca. 1520–25,1520,1525,Oil on canvas,34 1/4 x 32 in. (87 x 81.3 cm),"Rogers Fund, 1928",,,,,,,,,,,,Paintings,,http://www.metmuseum.org/art/collection/search/437158,https://www.wikidata.org/wiki/Q19911585,,"Metropolitan Museum of Art, New York, NY",Men|Portraits,http://vocab.getty.edu/page/aat/300025928|http://vocab.getty.edu/page/aat/300015637,https://www.wikidata.org/wiki/Q8441|https://www.wikidata.org/wiki/Q134307
9,https://w3id.org/zericatalog/artwork/34631/item,3,"The Metropolitan Museum of Art, Collezione Stillman, Asta Galerie Georges Petit","inv. 22.16.12, dono di Dr. E.G. Stillman","Collezione Stillman, Asta Galerie Georges Petit, Collezione B. Crespi",22.16.12,22.16.12,0,1,1,437698,,European Paintings,1922,Painting,Christ Blessing,,,,,,16244,Artist, ,Andrea Solario,"Italian, Milan ca. 1465–1524 Milan", ,"Solario, Andrea",Italian,1465      ,1524      ,,http://vocab.getty.edu/page/ulan/500412762,https://www.wikidata.org/wiki/Q495110,,1495,1524,Oil on wood,80 1/4 x 51 1/2 in. (203.8 x 130.8 cm),"From the Collection of James Stillman, Gift of Dr. Ernest G. Stillman, 1922",,,,,,,,,,,,Paintings,,http://www.metmuseum.org/art/collection/search/437698,https://www.wikidata.org/wiki/Q19911774,,"Metropolitan Museum of Art, New York, NY",Christ,http://vocab.getty.edu/page/ia/901000087,https://www.wikidata.org/wiki/Q642420
10,https://w3id.org/zericatalog/artwork/45030/item,1,The Metropolitan Museum of Art,"inv. 14.40.640, dono B. Altman",Collezione B. Altman,14.40.640,14.40.640,0,1,1,437825,,European Paintings,1914,Painting,Portrait of a Man,,,,,,16255,Artist, ,Titian (Tiziano Vecellio),"Italian, Pieve di Cadore ca. 1485/90?–1576 Venice", ,Titian (Tiziano Vecellio),Italian,1485      ,1576      ,,http://vocab.getty.edu/page/ulan/500031075,https://www.wikidata.org/wiki/Q47551,ca. 1515,1510,1520,Oil on canvas,19 3/4 x 17 3/4 in. (50.2 x 45.1 cm),"Bequest of Benjamin Altman, 1913",,,,,,,,,,,,Paintings,,http://www.metmuseum.org/art/collection/search/437825,https://www.wikidata.org/wiki/Q3937410,,"Metropolitan Museum of Art, New York, NY",Men|Portraits,http://vocab.getty.edu/page/aat/300025928|http://vocab.getty.edu/page/aat/300015637,https://www.wikidata.org/wiki/Q8441|https://www.wikidata.org/wiki/Q134307
11,https://w3id.org/zericatalog/artwork/35890/item,1,The Metropolitan Museum of Art,"inv. 1982.60.8, collezione Linsky",Collezione Linsky,1982.60.8,1982.60.8,0,0,1,435615,537.0,European Paintings,1982,Painting,Portrait of a Man,,,,,,16165,Artist, ,Fra Bartolomeo (Bartolomeo di Paolo del Fattorino),"Italian, Florence 1473–1517 Florence", ,"Bartolomeo, Fra (Bartolomeo di Paolo del Fattorino)",Italian,1473      ,1517      ,,http://vocab.getty.edu/page/ulan/500115575,https://www.wikidata.org/wiki/Q7780,shortly after 1497,1497,1517,Oil on wood,Overall 15 5/8 x 12 1/8 in. (39.7 x 30.8 cm); painted surface 15 1/2 x 11 3/4 in. (39.4 x 29.8 cm),"The Jack and Belle Linsky Collection, 1982",,,,,,,,,,,,Paintings,,http://www.metmuseum.org/art/collection/search/435615,https://www.wikidata.org/wiki/Q19911987,,"Metropolitan Museum of Art, New York, NY",Men|Portraits,http://vocab.getty.edu/page/aat/300025928|http://vocab.getty.edu/page/aat/300015637,https://www.wikidata.org/wiki/Q8441|https://www.wikidata.org/wiki/Q134307
12,https://w3id.org/zericatalog/artwork/35624/item,1,The Metropolitan Museum of Art,inv. 06.171,Dowdeswell & Dowdeswell,06.171,06.171,0,0,1,435614,606.0,European Paintings,1906,Painting,Madonna and Child with the Young Saint John the Baptist,,,,,,16165,Artist, ,Fra Bartolomeo (Bartolomeo di Paolo del Fattorino),"Italian, Florence 1473–1517 Florence", ,"Bartolomeo, Fra (Bartolomeo di Paolo del Fattorino)",Italian,1473      ,1517      ,,http://vocab.getty.edu/page/ulan/500115575,https://www.wikidata.org/wiki/Q7780,ca. 1497,1492,1502,Oil and gold on wood,23 x 17 1/4 in. (58.4 x 43.8 cm),"Rogers Fund, 1906",,,,,,,,,,,,Paintings,,http://www.metmuseum.org/art/collection/search/435614,https://www.wikidata.org/wiki/Q3842520,,"Metropolitan Museum of Art, New York, NY",Madonna and Child|Saint John the Baptist,http://vocab.getty.edu/page/ia/901000052|http://vocab.getty.edu/page/ia/901001056,https://www.wikidata.org/wiki/Q9309699|https://www.wikidata.org/wiki/Q40662
13,https://w3id.org/zericatalog/artwork/36230/item,2,"The Metropolitan Museum of Art, Collezione colonnello Sacchetti",inv. 30.83,"Collezione colonnello Sacchetti, Oratorio di S. Maria Maddalena all'Isola",30.83,30.83,0,0,1,435824,962.0,European Paintings,1930,Painting,Madonna and Child Enthroned with Saints Mary Magdalen and John the Baptist,,,,,,16330,Artist, ,Giuliano di Piero di Simone Bugiardini,"Italian, Florence 1475–1554 Florence", ,"Bugiardini, Giuliano di Piero di Simone",Italian,1475      ,1554      ,,http://vocab.getty.edu/page/ulan/500011070,https://www.wikidata.org/wiki/Q2578459,ca. 1523,1518,1528,Oil on wood,76 1/4 x 65 1/4 in. (193.7 x 165.7 cm),"Fletcher Fund, 1930",,,,,,,,,,,,Paintings,,http://www.metmuseum.org/art/collection/search/435824,https://www.wikidata.org/wiki/Q19905397,,"Metropolitan Museum of Art, New York, NY",Madonna and Child|Mary Magdalene|Saint John the Baptist|Angels,http://vocab.getty.edu/page/ia/901000052|http://vocab.getty.edu/page/ia/901000161|http://vocab.getty.edu/page/ia/901001056|http://vocab.getty.edu/page/aat/300379004,https://www.wikidata.org/wiki/Q9309699|https://www.wikidata.org/wiki/Q63070|https://www.wikidata.org/wiki/Q40662|https://www.wikidata.org/wiki/Q235113
14,https://w3id.org/zericatalog/artwork/39450/item,1,The Metropolitan Museum of Art,inv. 2006.409,Mercato antiquario,2006.409,2006.409,0,1,1,438445,,European Paintings,2006,"Painting, triptych",The Crucifixion,,,,,,10773,Artist, ,Francesco Granacci (Francesco di Andrea di Marco),"Italian, Villamagna 1469–1543 Florence", ,"Granacci, Francesco (Francesco di Andrea di Marco)",Italian,1469      ,1543      ,,http://vocab.getty.edu/page/ulan/500022051,https://www.wikidata.org/wiki/Q717097,ca. 1510,1505,1515,Tempera and gold on wood,Central panel 19 x 11 1/2 in. (48.3 x 29.2 cm); each wing 19 x 6 in. (48.3 x 15.2 cm),"Gift of Nancy, Carolina, and Isabelle Richardson, and Purchase, Friends of European Paintings Gifts, 2006",,,,,,,,,,,,Paintings,,http://www.metmuseum.org/art/collection/search/438445,https://www.wikidata.org/wiki/Q19912177,,"Metropolitan Museum of Art, New York, NY",Crucifixion|Christ|Soldiers|Men|Virgin Mary|Resurrection,http://vocab.getty.edu/page/aat/300404300|http://vocab.getty.edu/page/ia/901000087|http://vocab.getty.edu/page/aat/300185678|http://vocab.getty.edu/page/aat/300025928|http://vocab.getty.edu/page/ia/901000032|http://vocab.getty.edu/page/aat/300404323,https://www.wikidata.org/wiki/Q3235597|https://www.wikidata.org/wiki/Q642420|https://www.wikidata.org/wiki/Q4991371|https://www.wikidata.org/wiki/Q8441|https://www.wikidata.org/wiki/Q345|https://www.wikidata.org/wiki/Q51624
15,https://w3id.org/zericatalog/artwork/18917/item,4,"The Metropolitan Museum of Art, Collezione Mr. e Mrs. C.B. Wrightsman, Asta Sotheby's, Collezione Mrs. C. Segal",inv. 1986.339.1,"Collezione Mr. e Mrs. C.B. Wrightsman, Asta Sotheby's, Collezione Mrs. C. Segal, Morandotti",1986.339.1,1986.339.1,0,0,1,437275,,European Paintings,1986,Painting,Portrait of an Olivetan Monk,,,,,,16223,Artist,Attributed to,Baldassare Tommaso Peruzzi,"Italian, Ancaiano 1481–1536 Rome", ,"Peruzzi, Baldassare Tommaso",Italian,1481      ,1536      ,,http://vocab.getty.edu/page/ulan/500030776,https://www.wikidata.org/wiki/Q177213,,1501,1536,Oil on canvas,38 1/4 x 28 5/8 in. (97.2 x 72.7 cm),"Gift of Mrs. Charles Wrightsman, 1986",,,,,,,,,,,,Paintings,,http://www.metmuseum.org/art/collection/search/437275,https://www.wikidata.org/wiki/Q19905452,,"Metropolitan Museum of Art, New York, NY",Men|Portraits|Monks|Writing,http://vocab.getty.edu/page/aat/300025928|http://vocab.getty.edu/page/aat/300015637|http://vocab.getty.edu/page/aat/300025765|http://vocab.getty.edu/page/aat/300054698,https://www.wikidata.org/wiki/Q8441|https://www.wikidata.org/wiki/Q134307|https://www.wikidata.org/wiki/Q37260|https://www.wikidata.org/wiki/Q733786
16,https://w3id.org/zericatalog/artwork/43587/item,1,The Metropolitan Museum of Art,inv. 36.29,"Duveen Brothers, Inc.",36.29,36.29,0,1,1,437827,608.0,European Paintings,1936,Painting,Venus and the Lute Player,,,,,,16255,Artist, ,Titian,"Italian, Pieve di Cadore ca. 1485/90?–1576 Venice",and Workshop,Titian,Italian,1485      ,1576      ,,http://vocab.getty.edu/page/ulan/500031075,https://www.wikidata.org/wiki/Q47551,ca. 1565–70,1565,1570,Oil on canvas,65 x 82 1/2 in. (165.1 x 209.6 cm),"Munsey Fund, 1936",,,,,,,,,,,,Paintings,,http://www.metmuseum.org/art/collection/search/437827,https://www.wikidata.org/wiki/Q19911412,,"Metropolitan Museum of Art, New York, NY",Lutes|Venus|Musicians|Female Nudes|Cupid,http://vocab.getty.edu/page/aat/300042101|http://vocab.getty.edu/page/ia/901001064|http://vocab.getty.edu/page/aat/300025666|http://vocab.getty.edu/page/aat/300189568|http://vocab.getty.edu/page/aat/300380105,https://www.wikidata.org/wiki/Q180733|https://www.wikidata.org/wiki/Q47652|https://www.wikidata.org/wiki/Q40446|https://www.wikidata.org/wiki/Q5011|https://www.wikidata.org/wiki/Q639669
17,https://w3id.org/zericatalog/artwork/44170/item,6,"The Metropolitan Museum of Art, F. Mont, Galleria Fleischmann, Kleinberger Galleries, Collezione H.G. Sperling, Asta Christie's",inv. 1973.116,"F. Mont, Galleria Fleischmann, Kleinberger Galleries, Collezione H.G. Sperling, Asta Christie's, Chatsworth House, collezione duca del Devonshire",1973.116,1973.116,0,1,1,437638,608.0,European Paintings,1973,Painting,The Marriage of Cupid and Psyche,,,,,,16239,Artist, ,Andrea Schiavone (Andrea Meldola),"Italian, Zadar (Zara) ca. 1510?–1563 Venice", ,"Schiavone, Andrea (Andrea Meldola)",Italian,1510      ,1563      ,,http://vocab.getty.edu/page/ulan/500000550,https://www.wikidata.org/wiki/Q495060,ca. 1540,1535,1545,"Oil on wood, transferred to Masonite","Overall, with corners made up, 51 1/2 x 61 7/8 in. (130.8 x 157.2 cm); painted surface 50 1/2 x 61 1/2 in. (128.3 x 156.2 cm)","Purchase, Gift of Mary V. T. Eberstadt, by exchange, 1972",,,,,,,,,,,,Paintings,,http://www.metmuseum.org/art/collection/search/437638,https://www.wikidata.org/wiki/Q19905139,,"Metropolitan Museum of Art, New York, NY",Men|Women|Cupid|Psyche|Male Nudes|Female Nudes,http://vocab.getty.edu/page/aat/300025928|http://vocab.getty.edu/page/aat/300025943|http://vocab.getty.edu/page/aat/300380105|http://vocab.getty.edu/page/ia/901002042|http://vocab.getty.edu/page/aat/300189568|http://vocab.getty.edu/page/aat/300189568,https://www.wikidata.org/wiki/Q8441|https://www.wikidata.org/wiki/Q467|https://www.wikidata.org/wiki/Q40446|https://www.wikidata.org/wiki/Q40446|https://www.wikidata.org/wiki/Q5011|https://www.wikidata.org/wiki/Q843382
18,https://w3id.org/zericatalog/artwork/39542/item,1,The Metropolitan Museum of Art,inv. 2000.420,Asta Christie's,2000.420,2000.420,0,0,1,438432,,European Paintings,2000,Painting,Madonna and Child,,,,,,10773,Artist, ,Francesco Granacci (Francesco di Andrea di Marco),"Italian, Villamagna 1469–1543 Florence", ,"Granacci, Francesco (Francesco di Andrea di Marco)",Italian,1469      ,1543      ,,http://vocab.getty.edu/page/ulan/500022051,https://www.wikidata.org/wiki/Q717097,ca. 1520,1515,1525,Oil on wood,34 1/8 x 25  3/8 in. (86.7 x 64.5 cm),"Gift of Mario and Dianne Modestini, in memory of Theodore Rousseau, 2000",,,,,,,,,,,,Paintings,,http://www.metmuseum.org/art/collection/search/438432,https://www.wikidata.org/wiki/Q19905389,,"Metropolitan Museum of Art, New York, NY",Madonna and Child,http://vocab.getty.edu/page/ia/901000052,https://www.wikidata.org/wiki/Q9309699
19,https://w3id.org/zericatalog/artwork/36740/item,3,"The Metropolitan Museum of Art, Collezione Friedsam, Asta Galerie Georges Petit",inv. 32.100.80,"Collezione Friedsam, Asta Galerie Georges Petit, Collezione B. Crespi",32.100.80,32.100.80,0,0,1,436494,,European Paintings,1932,"Painting, triptych",The Nativity with Saints,,,,,,10769,Artist, ,Ridolfo Ghirlandaio,"Italian, Florence 1483–1561 Florence", ,"Ghirlandaio, Ridolfo",Italian,1483      ,1561      ,,http://vocab.getty.edu/page/ulan/500002132,https://www.wikidata.org/wiki/Q64881,,1503,1561,Oil on wood,Central panel 14 x 9 in. (35.6 x 22.9 cm); each wing 14 x 4 in. (35.6 x 10.2 cm),"The Friedsam Collection, Bequest of Michael Friedsam, 1931",,,,,,,,,,,,Paintings,,http://www.metmuseum.org/art/collection/search/436494,https://www.wikidata.org/wiki/Q19912339,,"Metropolitan Museum of Art, New York, NY",Madonna and Child|Nativity|Saints|Men|Saint John the Evangelist|Saint Paul|Saint Peter|Angels,http://vocab.getty.edu/page/ia/901000052|http://vocab.getty.edu/page/ia/901000124|http://vocab.getty.edu/page/aat/300150555|http://vocab.getty.edu/page/aat/300025928|http://vocab.getty.edu/page/ia/901001171|http://vocab.getty.edu/page/ia/901001058|http://vocab.getty.edu/page/ia/901000056|http://vocab.getty.edu/page/aat/300379004,https://www.wikidata.org/wiki/Q9309699|https://www.wikidata.org/wiki/Q51628|https://www.wikidata.org/wiki/Q8441|https://www.wikidata.org/wiki/Q328804|https://www.wikidata.org/wiki/Q9200|https://www.wikidata.org/wiki/Q43115|https://www.wikidata.org/wiki/Q33923|https://www.wikidata.org/wiki/Q235113
20,https://w3id.org/zericatalog/artwork/37173/item,1,The Metropolitan Museum of Art,inv. 17.190.8,Collezione J. Pierpont Morgan,17.190.8,17.190.8,0,0,1,437832,,European Paintings,1917,Painting,Portrait of a Man,,,,,,10838,Artist, ,Tommaso Fiorentino (Tommaso di Stefano Lunetti),"Italian, Florentine, ca. 1495–1564", ,Tommaso Fiorentino (Tommaso di Stefano Lunetti),Italian,1495      ,1564      ,,http://vocab.getty.edu/page/ulan/500007007,https://www.wikidata.org/wiki/Q21851468,1521,1521,1521,Oil on wood,32 1/4 x 23 7/8 in. (81.9 x 60.6 cm),"Gift of J. Pierpont Morgan, 1917",,,,,,,,,,,,Paintings,,http://www.metmuseum.org/art/collection/search/437832,https://www.wikidata.org/wiki/Q19912117,,"Metropolitan Museum of Art, New York, NY",Men|Portraits,http://vocab.getty.edu/page/aat/300025928|http://vocab.getty.edu/page/aat/300015637,https://www.wikidata.org/wiki/Q8441|https://www.wikidata.org/wiki/Q134307
21,https://w3id.org/zericatalog/artwork/45329/item,1,The Metropolitan Museum of Art,"inv. 57.170, dono di Robert Lehman",Collezione R. Lehman,57.170,57.170,0,0,1,437242,954.0,European Paintings,1957,Painting,The Crucifixion,,,,,,16219,Artist, ,Jacopo Palma the Younger,"Italian, Venice ca. 1548–1628 Venice", ,"Palma, Jacopo, the Younger",Italian,1543      ,1628      ,,http://vocab.getty.edu/page/ulan/500027810,https://www.wikidata.org/wiki/Q651795,,1564,1628,Oil on canvas,85 x 53 1/4 in. (215.9 x 135.3 cm),"Gift of Robert Lehman, 1957",,,,,,,,,,,,Paintings,,http://www.metmuseum.org/art/collection/search/437242,https://www.wikidata.org/wiki/Q19912904,,"Metropolitan Museum of Art, New York, NY",Crucifixion|Christ|Soldiers|Men|Horses|Virgin Mary,http://vocab.getty.edu/page/aat/300404300|http://vocab.getty.edu/page/ia/901000087|http://vocab.getty.edu/page/aat/300185678|http://vocab.getty.edu/page/aat/300025928|http://vocab.getty.edu/page/aat/300250148|http://vocab.getty.edu/page/ia/901000032,https://www.wikidata.org/wiki/Q3235597|https://www.wikidata.org/wiki/Q642420|https://www.wikidata.org/wiki/Q4991371|https://www.wikidata.org/wiki/Q8441|https://www.wikidata.org/wiki/Q726|https://www.wikidata.org/wiki/Q345
22,https://w3id.org/zericatalog/artwork/43626/item,1,The Metropolitan Museum of Art,inv. 49.7.16,Collezione J.S. Bache,49.7.16,49.7.16,1,1,1,437826,,European Paintings,1949,Painting,Venus and Adonis,,,,,,16255,Artist, ,Titian (Tiziano Vecellio),"Italian, Pieve di Cadore ca. 1485/90?–1576 Venice", ,Titian (Tiziano Vecellio),Italian,1485      ,1576      ,,http://vocab.getty.edu/page/ulan/500031075,https://www.wikidata.org/wiki/Q47551,1550s,1550,1559,Oil on canvas,42 x 52 1/2 in. (106.7 x 133.4 cm),"The Jules Bache Collection, 1949",,,,,,,,,,,,Paintings,,http://www.metmuseum.org/art/collection/search/437826,https://www.wikidata.org/wiki/Q4009570,,"Metropolitan Museum of Art, New York, NY",Cupid|Adonis|Venus|Dogs,http://vocab.getty.edu/page/aat/300380105|http://vocab.getty.edu/page/ia/901000521|http://vocab.getty.edu/page/ia/901001064|http://vocab.getty.edu/page/aat/300265714,https://www.wikidata.org/wiki/Q5011|https://www.wikidata.org/wiki/Q163920|https://www.wikidata.org/wiki/Q47652|https://www.wikidata.org/wiki/Q144
23,https://w3id.org/zericatalog/artwork/48406/item,1,The Metropolitan Museum of Art,inv. 1979.209,Matthiesen,1979.209,1979.209,0,1,1,437336,,European Paintings,1979,Painting,Madonna and Child with Saints Francis and Dominic and Angels,,,,,,16227,Artist, ,Giulio Cesare Procaccini,"Italian, Bologna 1574–1625 Milan", ,"Procaccini, Giulio Cesare",Italian,1574      ,1625      ,,http://vocab.getty.edu/page/ulan/500017888,https://www.wikidata.org/wiki/Q1119589,,1594,1625,Oil on canvas,101 1/8 x 56 3/8 in. (256.9 x 143.2 cm),"Purchase, Enid A. Haupt Gift, 1979",,,,,,,,,,,,Paintings,,http://www.metmuseum.org/art/collection/search/437336,https://www.wikidata.org/wiki/Q19905371,,"Metropolitan Museum of Art, New York, NY",Madonna and Child|Saints|Angels,http://vocab.getty.edu/page/ia/901000052|http://vocab.getty.edu/page/aat/300150555|http://vocab.getty.edu/page/aat/300379004,https://www.wikidata.org/wiki/Q9309699|https://www.wikidata.org/wiki/Q43115|https://www.wikidata.org/wiki/Q235113
24,https://w3id.org/zericatalog/artwork/35237/item,1,The Metropolitan Museum of Art,inv. 1989.21,P. Corsini,1989.21,1989.21,0,1,1,436499,,European Paintings,1989,Painting,Diana the Huntress,,,,,,10770,Artist, ,Giampietrino (Giovanni Pietro Rizzoli),"Italian, Milanese, active by ca. 1495–died 1553", ,Giampietrino (Giovanni Pietro Rizzoli),Italian,1495      ,1553      ,,http://vocab.getty.edu/page/ulan/500020944,https://www.wikidata.org/wiki/Q940454,,1526,1549,Oil on wood,44 7/8 x 23 1/4 in. (114 x 59.1 cm),"Purchase, Mr. and Mrs. Frank E. Richardson Gift, 1989",,,,,,,,,,,,Paintings,,http://www.metmuseum.org/art/collection/search/436499,https://www.wikidata.org/wiki/Q19912736,,"Metropolitan Museum of Art, New York, NY",Bow and Arrow|Diana|Deer|Female Nudes, |http://vocab.getty.edu/page/ia/901000118|http://vocab.getty.edu/page/aat/300250308|http://vocab.getty.edu/page/aat/300189568,https://www.wikidata.org/wiki/Q19827042|https://www.wikidata.org/wiki/Q132543|https://www.wikidata.org/wiki/Q40446|https://www.wikidata.org/wiki/Q685795